id,title,type,region,availability_status,priority_tier,url,notes
platform-0001,Greenhouse Job Boards,ATS / Employer Jobs,Global,Active Platform,Recommended,https://www.greenhouse.com/job-board,Direct employer job boards
platform-0002,Lever Jobs,ATS / Employer Jobs,Global,Active Platform,Recommended,https://www.lever.co/,Direct employer vacancies hosted on Lever
platform-0003,SmartRecruiters,ATS / Employer Jobs,Global,Active Platform,Recommended,https://www.smartrecruiters.com/,Employer vacancies and talent communities
platform-0004,Workable Jobs,ATS / Employer Jobs,Global,Active Platform,Recommended,https://jobs.workable.com/,Direct employer vacancies hosted on Workable
platform-0005,BrighterMonday Kenya,Africa Job Board,Kenya · Africa,Active Platform,Recommended,https://www.brightermonday.co.ke/jobs,Kenya and East Africa jobs
platform-0006,Careers24,Africa Job Board,South Africa · Africa,Active Platform,Recommended,https://www.careers24.com/jobs/,South Africa job search
platform-0007,Fuzu,Africa Job Board,East Africa,Active Platform,Recommended,https://www.fuzu.com/,East African jobs and career tools
platform-0008,Jobberman Nigeria,Africa Job Board,Nigeria · Africa,Active Platform,Recommended,https://www.jobberman.com/jobs,Nigeria and West Africa jobs
platform-0009,MyJobMag,Africa Job Board,Africa,Active Platform,Recommended,https://www.myjobmag.com/,Country-focused African job boards
platform-0010,PNet,Africa Job Board,South Africa · Africa,Active Platform,Recommended,https://www.pnet.co.za/jobs,South Africa professional jobs
platform-0011,AfricaWork,Africa Recruitment Platform,Africa,Active Platform,Recommended,https://www.africawork.com/,Pan-African recruitment and talent platform
platform-0012,African Development Bank Careers,Development Finance,Africa,Active Platform,Recommended,https://www.afdb.org/en/about-us/careers,African Development Bank opportunities
platform-0013,Islamic Development Bank Careers,Development Finance,GCC · Member Countries,Active Platform,Recommended,https://www.isdb.org/careers,Islamic Development Bank opportunities
platform-0014,World Bank Careers,Development Finance,Global,Active Platform,Recommended,https://www.worldbank.org/en/about/careers,World Bank employment and programs
platform-0015,Devex,Development Jobs,International Development,Active Platform,Recommended,https://www.devex.com/jobs,"Development consulting, programs and leadership roles"
platform-0016,Forasna,Egypt Job Board,Egypt,Active Platform,Recommended,https://forasna.com/,"Egypt roles across operations, services and business functions"
platform-0017,WUZZUF,Egypt Job Board,Egypt,Active Platform,Recommended,https://wuzzuf.net/jobs/egypt,Major professional job platform in Egypt
platform-0018,GulfTalent,GCC Job Board,GCC,Active Platform,Recommended,https://www.gulftalent.com/jobs,Professional and management roles across the Gulf
platform-0019,Naukrigulf,GCC Job Board,GCC,Active Platform,Recommended,https://www.naukrigulf.com/,Gulf and Middle East jobs
platform-0020,Glassdoor Jobs,Global Job Board,Global,Active Platform,Recommended,https://www.glassdoor.com/Job/index.htm,"Jobs, employer research and salary context"
platform-0021,Indeed Egypt,Global Job Board,Egypt,Active Platform,Recommended,https://eg.indeed.com/,"Broad job search with date, company and location filters"
platform-0022,LinkedIn Jobs,Global Job Board,Global,Active Platform,Recommended,https://www.linkedin.com/jobs/,Professional network; strong employer pages and recent-job sorting
platform-0023,ReliefWeb Jobs,Humanitarian Jobs,International Development,Active Platform,Recommended,https://reliefweb.int/jobs,Humanitarian and development vacancies
platform-0024,Impactpool,International Organizations,International Development,Active Platform,Recommended,https://www.impactpool.org/jobs,"UN, multilateral and development roles"
platform-0025,UN Careers,International Organizations,Global,Active Platform,Recommended,https://careers.un.org/,Official United Nations vacancies
platform-0026,UNDP Jobs,International Organizations,Global,Active Platform,Recommended,https://www.undp.org/careers,UNDP employment and consultancy opportunities
platform-0027,UNICEF Careers,International Organizations,Global,Active Platform,Recommended,https://jobs.unicef.org/,UNICEF staff and consultancy vacancies
platform-0028,Tanqeeb,MENA Aggregator,Arab Region,Active Platform,Recommended,https://www.tanqeeb.com/,Regional job aggregation and search
platform-0029,Akhtaboot,MENA Job Board,Arab Region,Active Platform,Recommended,https://www.akhtaboot.com/en,Jobs across Jordan and the Arab region
platform-0030,Bayt,MENA Job Board,Arab Region,Active Platform,Recommended,https://www.bayt.com/en/international/jobs/,Broad MENA professional-job platform
platform-0031,Remote OK,Remote Job Board,Remote / Global,Active Platform,Recommended,https://remoteok.com/,Remote technology and digital roles
platform-0032,Remotive,Remote Job Board,Remote / Global,Active Platform,Recommended,https://remotive.com/remote-jobs,Curated remote roles
platform-0033,We Work Remotely,Remote Job Board,Remote / Global,Active Platform,Recommended,https://weworkremotely.com/,"Remote technology, product and management roles"
platform-0034,Wellfound,Startup Job Board,Remote / Global,Active Platform,Recommended,https://wellfound.com/jobs,Startup and technology roles
platform-0035,Bizcommunity Jobs,Africa Job Board,Africa,Active Platform,Directory,https://www.bizcommunity.com/JobsOffered/196/11.html,"Official platform entry point. Use platform filters and verify posting date, employer identity, location eligibility and application route."
platform-0036,BrighterMonday Tanzania,Africa Job Board,Africa,Active Platform,Directory,https://www.brightermonday.co.tz/jobs,"Official platform entry point. Use platform filters and verify posting date, employer identity, location eligibility and application route."
platform-0037,BrighterMonday Uganda,Africa Job Board,Africa,Active Platform,Directory,https://www.brightermonday.co.ug/jobs,"Official platform entry point. Use platform filters and verify posting date, employer identity, location eligibility and application route."
platform-0038,CareerJunction,Africa Job Board,Africa,Active Platform,Directory,https://www.careerjunction.co.za/jobs,"Official platform entry point. Use platform filters and verify posting date, employer identity, location eligibility and application route."
platform-0039,CareerPoint Kenya,Africa Job Board,Africa,Active Platform,Directory,https://www.careerpointkenya.co.ke/,"Official platform entry point. Use platform filters and verify posting date, employer identity, location eligibility and application route."
platform-0040,Corporate Staffing Services,Africa Job Board,Africa,Active Platform,Directory,https://www.corporatestaffing.co.ke/jobs/,"Official platform entry point. Use platform filters and verify posting date, employer identity, location eligibility and application route."
platform-0041,Ethiojobs,Africa Job Board,Africa,Active Platform,Directory,https://www.ethiojobs.net/,"Official platform entry point. Use platform filters and verify posting date, employer identity, location eligibility and application route."
platform-0042,Executive Placements,Africa Job Board,Africa,Active Platform,Directory,https://www.executiveplacements.com/,"Official platform entry point. Use platform filters and verify posting date, employer identity, location eligibility and application route."
platform-0043,GeezJobs,Africa Job Board,Africa,Active Platform,Directory,https://www.geezjobs.com/,"Official platform entry point. Use platform filters and verify posting date, employer identity, location eligibility and application route."
platform-0044,Great Tanzania Jobs,Africa Job Board,Africa,Active Platform,Directory,https://www.greattanzaniajobs.com/,"Official platform entry point. Use platform filters and verify posting date, employer identity, location eligibility and application route."
platform-0045,Great Uganda Jobs,Africa Job Board,Africa,Active Platform,Directory,https://www.greatugandajobs.com/,"Official platform entry point. Use platform filters and verify posting date, employer identity, location eligibility and application route."
platform-0046,Great Zambia Jobs,Africa Job Board,Africa,Active Platform,Directory,https://www.greatzambiajobs.com/,"Official platform entry point. Use platform filters and verify posting date, employer identity, location eligibility and application route."
platform-0047,Job in Rwanda,Africa Job Board,Africa,Active Platform,Directory,https://www.jobinrwanda.com/,"Official platform entry point. Use platform filters and verify posting date, employer identity, location eligibility and application route."
platform-0048,Job Mail,Africa Job Board,Africa,Active Platform,Directory,https://www.jobmail.co.za/,"Official platform entry point. Use platform filters and verify posting date, employer identity, location eligibility and application route."
platform-0049,Jobartis Angola,Africa Job Board,Africa,Active Platform,Directory,https://www.jobartis.com/,"Official platform entry point. Use platform filters and verify posting date, employer identity, location eligibility and application route."
platform-0050,Jobberman Ghana,Africa Job Board,Africa,Active Platform,Directory,https://www.jobberman.com.gh/jobs,"Official platform entry point. Use platform filters and verify posting date, employer identity, location eligibility and application route."
platform-0051,JobnetAfrica,Africa Job Board,Africa,Active Platform,Directory,https://www.jobnetafrica.com/,"Official platform entry point. Use platform filters and verify posting date, employer identity, location eligibility and application route."
platform-0052,JobSearch Ghana,Africa Job Board,Africa,Active Platform,Directory,https://www.jobsearchgh.com/,"Official platform entry point. Use platform filters and verify posting date, employer identity, location eligibility and application route."
platform-0053,JobWeb Ghana,Africa Job Board,Africa,Active Platform,Directory,https://jobwebghana.com/,"Official platform entry point. Use platform filters and verify posting date, employer identity, location eligibility and application route."
platform-0054,KenyaMoja Jobs,Africa Job Board,Africa,Active Platform,Directory,https://www.kenyamoja.com/jobs,"Official platform entry point. Use platform filters and verify posting date, employer identity, location eligibility and application route."
platform-0055,MyJobMag Ghana,Africa Job Board,Africa,Active Platform,Directory,https://www.myjobmag.com.gh/,"Official platform entry point. Use platform filters and verify posting date, employer identity, location eligibility and application route."
platform-0056,MyJobMag Kenya,Africa Job Board,Africa,Active Platform,Directory,https://www.myjobmag.co.ke/,"Official platform entry point. Use platform filters and verify posting date, employer identity, location eligibility and application route."
platform-0057,MyJobMag Nigeria,Africa Job Board,Africa,Active Platform,Directory,https://www.myjobmag.com/,"Official platform entry point. Use platform filters and verify posting date, employer identity, location eligibility and application route."
platform-0058,MyJobMag South Africa,Africa Job Board,Africa,Active Platform,Directory,https://www.myjobmag.co.za/,"Official platform entry point. Use platform filters and verify posting date, employer identity, location eligibility and application route."
platform-0059,OfferZen,Africa Job Board,Africa,Active Platform,Directory,https://www.offerzen.com/,"Official platform entry point. Use platform filters and verify posting date, employer identity, location eligibility and application route."
platform-0060,Abt Global Careers,Development & NGO Jobs,Remote / Global,Active Platform,Directory,https://www.abtglobal.com/careers,"Official platform entry point. Use platform filters and verify posting date, employer identity, location eligibility and application route."
platform-0061,CARE Careers,Development & NGO Jobs,Remote / Global,Active Platform,Directory,https://www.care-international.org/jobs,"Official platform entry point. Use platform filters and verify posting date, employer identity, location eligibility and application route."
platform-0062,CHAI Careers,Development & NGO Jobs,Remote / Global,Active Platform,Directory,https://www.clintonhealthaccess.org/careers/,"Official platform entry point. Use platform filters and verify posting date, employer identity, location eligibility and application route."
platform-0063,Chemonics Careers,Development & NGO Jobs,Remote / Global,Active Platform,Directory,https://chemonics.com/jobs/,"Official platform entry point. Use platform filters and verify posting date, employer identity, location eligibility and application route."
platform-0064,DAI Careers,Development & NGO Jobs,Remote / Global,Active Platform,Directory,https://www.dai.com/careers,"Official platform entry point. Use platform filters and verify posting date, employer identity, location eligibility and application route."
platform-0065,Devex Jobs,Development & NGO Jobs,Remote / Global,Active Platform,Directory,https://www.devex.com/jobs,"Official platform entry point. Use platform filters and verify posting date, employer identity, location eligibility and application route."
platform-0066,EU Careers,Development & NGO Jobs,Remote / Global,Active Platform,Directory,https://eu-careers.europa.eu/,"Official platform entry point. Use platform filters and verify posting date, employer identity, location eligibility and application route."
platform-0067,FAO Careers,Development & NGO Jobs,Remote / Global,Active Platform,Directory,https://www.fao.org/employment/home/en/,"Official platform entry point. Use platform filters and verify posting date, employer identity, location eligibility and application route."
platform-0068,FHI 360 Careers,Development & NGO Jobs,Remote / Global,Active Platform,Directory,https://www.fhi360.org/careers/,"Official platform entry point. Use platform filters and verify posting date, employer identity, location eligibility and application route."
platform-0069,GIZ Jobs,Development & NGO Jobs,Remote / Global,Active Platform,Directory,https://jobs.giz.de/,"Official platform entry point. Use platform filters and verify posting date, employer identity, location eligibility and application route."
platform-0070,IFC Careers,Development & NGO Jobs,Remote / Global,Active Platform,Directory,https://www.ifc.org/en/about/careers,"Official platform entry point. Use platform filters and verify posting date, employer identity, location eligibility and application route."
platform-0071,ILO Jobs,Development & NGO Jobs,Remote / Global,Active Platform,Directory,https://jobs.ilo.org/,"Official platform entry point. Use platform filters and verify posting date, employer identity, location eligibility and application route."
platform-0072,IOM Careers,Development & NGO Jobs,Remote / Global,Active Platform,Directory,https://www.iom.int/careers,"Official platform entry point. Use platform filters and verify posting date, employer identity, location eligibility and application route."
platform-0073,IRC Careers,Development & NGO Jobs,Remote / Global,Active Platform,Directory,https://careers.rescue.org/,"Official platform entry point. Use platform filters and verify posting date, employer identity, location eligibility and application route."
platform-0074,Mercy Corps Careers,Development & NGO Jobs,Remote / Global,Active Platform,Directory,https://www.mercycorps.org/careers,"Official platform entry point. Use platform filters and verify posting date, employer identity, location eligibility and application route."
platform-0075,MSF Jobs,Development & NGO Jobs,Remote / Global,Active Platform,Directory,https://www.msf.org/work-msf,"Official platform entry point. Use platform filters and verify posting date, employer identity, location eligibility and application route."
platform-0076,OECD Careers,Development & NGO Jobs,Remote / Global,Active Platform,Directory,https://www.oecd.org/careers/,"Official platform entry point. Use platform filters and verify posting date, employer identity, location eligibility and application route."
platform-0077,Palladium Jobs,Development & NGO Jobs,Remote / Global,Active Platform,Directory,https://palladium.csod.com/ux/ats/careersite/2/home,"Official platform entry point. Use platform filters and verify posting date, employer identity, location eligibility and application route."
platform-0078,PATH Careers,Development & NGO Jobs,Remote / Global,Active Platform,Directory,https://www.path.org/careers/,"Official platform entry point. Use platform filters and verify posting date, employer identity, location eligibility and application route."
platform-0079,RTI International Careers,Development & NGO Jobs,Remote / Global,Active Platform,Directory,https://www.rti.org/careers,"Official platform entry point. Use platform filters and verify posting date, employer identity, location eligibility and application route."
platform-0080,Save the Children Careers,Development & NGO Jobs,Remote / Global,Active Platform,Directory,https://jobs.savethechildren.org.uk/,"Official platform entry point. Use platform filters and verify posting date, employer identity, location eligibility and application route."
platform-0081,UN Talent,Development & NGO Jobs,Remote / Global,Active Platform,Directory,https://untalent.org/jobs,"Official platform entry point. Use platform filters and verify posting date, employer identity, location eligibility and application route."
platform-0082,UNjobs,Development & NGO Jobs,Remote / Global,Active Platform,Directory,https://unjobs.org/,"Official platform entry point. Use platform filters and verify posting date, employer identity, location eligibility and application route."
platform-0083,UNOPS Jobs,Development & NGO Jobs,Remote / Global,Active Platform,Directory,https://jobs.unops.org/,"Official platform entry point. Use platform filters and verify posting date, employer identity, location eligibility and application route."
platform-0084,WFP Careers,Development & NGO Jobs,Remote / Global,Active Platform,Directory,https://www.wfp.org/careers,"Official platform entry point. Use platform filters and verify posting date, employer identity, location eligibility and application route."
platform-0085,WHO Careers,Development & NGO Jobs,Remote / Global,Active Platform,Directory,https://careers.who.int/,"Official platform entry point. Use platform filters and verify posting date, employer identity, location eligibility and application route."
platform-0086,Braintrust,Freelance & Contract,Remote / Global,Active Platform,Directory,https://www.usebraintrust.com/jobs,"Official platform entry point. Use platform filters and verify posting date, employer identity, location eligibility and application route."
platform-0087,Catalant,Freelance & Contract,Remote / Global,Active Platform,Directory,https://gocatalant.com/,"Official platform entry point. Use platform filters and verify posting date, employer identity, location eligibility and application route."
platform-0088,Contra,Freelance & Contract,Remote / Global,Active Platform,Directory,https://contra.com/opportunities,"Official platform entry point. Use platform filters and verify posting date, employer identity, location eligibility and application route."
platform-0089,Flexing It,Freelance & Contract,Remote / Global,Active Platform,Directory,https://www.flexingit.com/,"Official platform entry point. Use platform filters and verify posting date, employer identity, location eligibility and application route."
platform-0090,Freelancer,Freelance & Contract,Remote / Global,Active Platform,Directory,https://www.freelancer.com/jobs/,"Official platform entry point. Use platform filters and verify posting date, employer identity, location eligibility and application route."
platform-0091,Guru,Freelance & Contract,Remote / Global,Active Platform,Directory,https://www.guru.com/d/jobs/,"Official platform entry point. Use platform filters and verify posting date, employer identity, location eligibility and application route."
platform-0092,Kolabtree,Freelance & Contract,Remote / Global,Active Platform,Directory,https://www.kolabtree.com/find-work,"Official platform entry point. Use platform filters and verify posting date, employer identity, location eligibility and application route."
platform-0093,Malt,Freelance & Contract,Remote / Global,Active Platform,Directory,https://www.malt.com/,"Official platform entry point. Use platform filters and verify posting date, employer identity, location eligibility and application route."
platform-0094,PeoplePerHour,Freelance & Contract,Remote / Global,Active Platform,Directory,https://www.peopleperhour.com/freelance-jobs,"Official platform entry point. Use platform filters and verify posting date, employer identity, location eligibility and application route."
platform-0095,Toptal,Freelance & Contract,Remote / Global,Active Platform,Directory,https://www.toptal.com/freelance-jobs,"Official platform entry point. Use platform filters and verify posting date, employer identity, location eligibility and application route."
platform-0096,Truelancer,Freelance & Contract,Remote / Global,Active Platform,Directory,https://www.truelancer.com/freelance-jobs,"Official platform entry point. Use platform filters and verify posting date, employer identity, location eligibility and application route."
platform-0097,Upwork,Freelance & Contract,Remote / Global,Active Platform,Directory,https://www.upwork.com/nx/search/jobs/,"Official platform entry point. Use platform filters and verify posting date, employer identity, location eligibility and application route."
platform-0098,Workana,Freelance & Contract,Remote / Global,Active Platform,Directory,https://www.workana.com/jobs,"Official platform entry point. Use platform filters and verify posting date, employer identity, location eligibility and application route."
platform-0099,Adzuna,Global Job Board,Remote / Global,Active Platform,Directory,https://www.adzuna.com/,"Official platform entry point. Use platform filters and verify posting date, employer identity, location eligibility and application route."
platform-0100,Ashby Jobs,Global Job Board,Remote / Global,Active Platform,Directory,https://jobs.ashbyhq.com/,"Official platform entry point. Use platform filters and verify posting date, employer identity, location eligibility and application route."
platform-0101,Breezy HR Jobs,Global Job Board,Remote / Global,Active Platform,Directory,https://breezy.hr/,"Official platform entry point. Use platform filters and verify posting date, employer identity, location eligibility and application route."
platform-0102,Careerjet,Global Job Board,Remote / Global,Active Platform,Directory,https://www.careerjet.com/,"Official platform entry point. Use platform filters and verify posting date, employer identity, location eligibility and application route."
platform-0103,Glassdoor,Global Job Board,Remote / Global,Active Platform,Directory,https://www.glassdoor.com/,"Official platform entry point. Use platform filters and verify posting date, employer identity, location eligibility and application route."
platform-0104,Google Jobs,Global Job Board,Remote / Global,Active Platform,Directory,https://www.google.com/search?q=jobs,"Official platform entry point. Use platform filters and verify posting date, employer identity, location eligibility and application route."
platform-0105,GrabJobs,Global Job Board,Remote / Global,Active Platform,Directory,https://grabjobs.co/,"Official platform entry point. Use platform filters and verify posting date, employer identity, location eligibility and application route."
platform-0106,Indeed,Global Job Board,Remote / Global,Active Platform,Directory,https://www.indeed.com/,"Official platform entry point. Use platform filters and verify posting date, employer identity, location eligibility and application route."
platform-0107,JobisJob,Global Job Board,Remote / Global,Active Platform,Directory,https://www.jobisjob.com/,"Official platform entry point. Use platform filters and verify posting date, employer identity, location eligibility and application route."
platform-0108,Jobrapido,Global Job Board,Remote / Global,Active Platform,Directory,https://www.jobrapido.com/,"Official platform entry point. Use platform filters and verify posting date, employer identity, location eligibility and application route."
platform-0109,Jobsora,Global Job Board,Remote / Global,Active Platform,Directory,https://jobsora.com/,"Official platform entry point. Use platform filters and verify posting date, employer identity, location eligibility and application route."
platform-0110,Jooble,Global Job Board,Remote / Global,Active Platform,Directory,https://jooble.org/,"Official platform entry point. Use platform filters and verify posting date, employer identity, location eligibility and application route."
platform-0111,Jora,Global Job Board,Remote / Global,Active Platform,Directory,https://www.jora.com/,"Official platform entry point. Use platform filters and verify posting date, employer identity, location eligibility and application route."
platform-0112,Lensa,Global Job Board,Remote / Global,Active Platform,Directory,https://lensa.com/,"Official platform entry point. Use platform filters and verify posting date, employer identity, location eligibility and application route."
platform-0113,Monster,Global Job Board,Remote / Global,Active Platform,Directory,https://www.monster.com/,"Official platform entry point. Use platform filters and verify posting date, employer identity, location eligibility and application route."
platform-0114,SimplyHired,Global Job Board,Remote / Global,Active Platform,Directory,https://www.simplyhired.com/,"Official platform entry point. Use platform filters and verify posting date, employer identity, location eligibility and application route."
platform-0115,SmartRecruiters Jobs,Global Job Board,Remote / Global,Active Platform,Directory,https://jobs.smartrecruiters.com/,"Official platform entry point. Use platform filters and verify posting date, employer identity, location eligibility and application route."
platform-0116,Talent.com,Global Job Board,Remote / Global,Active Platform,Directory,https://www.talent.com/,"Official platform entry point. Use platform filters and verify posting date, employer identity, location eligibility and application route."
platform-0117,The Muse,Global Job Board,Remote / Global,Active Platform,Directory,https://www.themuse.com/search/jobs,"Official platform entry point. Use platform filters and verify posting date, employer identity, location eligibility and application route."
platform-0118,WhatJobs,Global Job Board,Remote / Global,Active Platform,Directory,https://www.whatjobs.com/,"Official platform entry point. Use platform filters and verify posting date, employer identity, location eligibility and application route."
platform-0119,ZipRecruiter,Global Job Board,Remote / Global,Active Platform,Directory,https://www.ziprecruiter.com/,"Official platform entry point. Use platform filters and verify posting date, employer identity, location eligibility and application route."
platform-0120,ArabJobs,MENA & GCC Job Board,Remote / Global,Active Platform,Directory,https://www.arabjobs.com/,"Official platform entry point. Use platform filters and verify posting date, employer identity, location eligibility and application route."
platform-0121,Drjobs,MENA & GCC Job Board,Remote / Global,Active Platform,Directory,https://drjobs.ae/,"Official platform entry point. Use platform filters and verify posting date, employer identity, location eligibility and application route."
platform-0122,Dubizzle Jobs,MENA & GCC Job Board,GCC,Active Platform,Directory,https://dubai.dubizzle.com/jobs/,"Official platform entry point. Use platform filters and verify posting date, employer identity, location eligibility and application route."
platform-0123,Expatriates Jobs,MENA & GCC Job Board,Remote / Global,Active Platform,Directory,https://www.expatriates.com/classifieds/jobs/,"Official platform entry point. Use platform filters and verify posting date, employer identity, location eligibility and application route."
platform-0124,Gulf News Jobs,MENA & GCC Job Board,Remote / Global,Active Platform,Directory,https://jobs.gulfnews.com/,"Official platform entry point. Use platform filters and verify posting date, employer identity, location eligibility and application route."
platform-0125,Jobzella,MENA & GCC Job Board,Remote / Global,Active Platform,Directory,https://www.jobzella.com/,"Official platform entry point. Use platform filters and verify posting date, employer identity, location eligibility and application route."
platform-0126,Khaleej Times Jobs,MENA & GCC Job Board,GCC,Active Platform,Directory,https://www.khaleejtimes.com/jobs,"Official platform entry point. Use platform filters and verify posting date, employer identity, location eligibility and application route."
platform-0127,Laimoon,MENA & GCC Job Board,Remote / Global,Active Platform,Directory,https://jobs.laimoon.com/,"Official platform entry point. Use platform filters and verify posting date, employer identity, location eligibility and application route."
platform-0128,Mihnati,MENA & GCC Job Board,Remote / Global,Active Platform,Directory,https://www.mihnati.com/,"Official platform entry point. Use platform filters and verify posting date, employer identity, location eligibility and application route."
platform-0129,Oliv,MENA & GCC Job Board,Remote / Global,Active Platform,Directory,https://oliv.com/,"Official platform entry point. Use platform filters and verify posting date, employer identity, location eligibility and application route."
platform-0130,OpenSooq Jobs,MENA & GCC Job Board,Remote / Global,Active Platform,Directory,https://www.opensooq.com/en/jobs/job-vacancies,"Official platform entry point. Use platform filters and verify posting date, employer identity, location eligibility and application route."
platform-0131,Qatar Living Jobs,MENA & GCC Job Board,GCC,Active Platform,Directory,https://www.qatarliving.com/jobs,"Official platform entry point. Use platform filters and verify posting date, employer identity, location eligibility and application route."
platform-0132,STJ Egypt,MENA & GCC Job Board,Egypt,Active Platform,Directory,https://www.stjegypt.com/,"Official platform entry point. Use platform filters and verify posting date, employer identity, location eligibility and application route."
platform-0133,Arc,Remote Job Board,Remote / Global,Active Platform,Directory,https://arc.dev/remote-jobs,"Official platform entry point. Use platform filters and verify posting date, employer identity, location eligibility and application route."
platform-0134,Crossover,Remote Job Board,Remote / Global,Active Platform,Directory,https://www.crossover.com/jobs,"Official platform entry point. Use platform filters and verify posting date, employer identity, location eligibility and application route."
platform-0135,DailyRemote,Remote Job Board,Remote / Global,Active Platform,Directory,https://dailyremote.com/,"Official platform entry point. Use platform filters and verify posting date, employer identity, location eligibility and application route."
platform-0136,Dynamite Jobs,Remote Job Board,Remote / Global,Active Platform,Directory,https://dynamitejobs.com/,"Official platform entry point. Use platform filters and verify posting date, employer identity, location eligibility and application route."
platform-0137,Europe Remotely,Remote Job Board,Remote / Global,Active Platform,Directory,https://europeremotely.com/,"Official platform entry point. Use platform filters and verify posting date, employer identity, location eligibility and application route."
platform-0138,FlexJobs,Remote Job Board,Remote / Global,Active Platform,Directory,https://www.flexjobs.com/,"Official platform entry point. Use platform filters and verify posting date, employer identity, location eligibility and application route."
platform-0139,Gun.io,Remote Job Board,Remote / Global,Active Platform,Directory,https://gun.io/,"Official platform entry point. Use platform filters and verify posting date, employer identity, location eligibility and application route."
platform-0140,Himalayas,Remote Job Board,Remote / Global,Active Platform,Directory,https://himalayas.app/jobs,"Official platform entry point. Use platform filters and verify posting date, employer identity, location eligibility and application route."
platform-0141,Jobgether,Remote Job Board,Remote / Global,Active Platform,Directory,https://jobgether.com/remote-jobs,"Official platform entry point. Use platform filters and verify posting date, employer identity, location eligibility and application route."
platform-0142,Jobicy,Remote Job Board,Remote / Global,Active Platform,Directory,https://jobicy.com/,"Official platform entry point. Use platform filters and verify posting date, employer identity, location eligibility and application route."
platform-0143,Jobspresso,Remote Job Board,Remote / Global,Active Platform,Directory,https://jobspresso.co/remote-work/,"Official platform entry point. Use platform filters and verify posting date, employer identity, location eligibility and application route."
platform-0144,JustRemote,Remote Job Board,Remote / Global,Active Platform,Directory,https://justremote.co/,"Official platform entry point. Use platform filters and verify posting date, employer identity, location eligibility and application route."
platform-0145,Lemon.io,Remote Job Board,Remote / Global,Active Platform,Directory,https://lemon.io/,"Official platform entry point. Use platform filters and verify posting date, employer identity, location eligibility and application route."
platform-0146,NoDesk,Remote Job Board,Remote / Global,Active Platform,Directory,https://nodesk.co/remote-jobs/,"Official platform entry point. Use platform filters and verify posting date, employer identity, location eligibility and application route."
platform-0147,Pangian,Remote Job Board,Remote / Global,Active Platform,Directory,https://pangian.com/,"Official platform entry point. Use platform filters and verify posting date, employer identity, location eligibility and application route."
platform-0148,Remote Leaf,Remote Job Board,Remote / Global,Active Platform,Directory,https://remoteleaf.com/,"Official platform entry point. Use platform filters and verify posting date, employer identity, location eligibility and application route."
platform-0149,Remote Rocketship,Remote Job Board,Remote / Global,Active Platform,Directory,https://www.remoterocketship.com/,"Official platform entry point. Use platform filters and verify posting date, employer identity, location eligibility and application route."
platform-0150,Remote.co,Remote Job Board,Remote / Global,Active Platform,Directory,https://remote.co/remote-jobs/,"Official platform entry point. Use platform filters and verify posting date, employer identity, location eligibility and application route."
platform-0151,Remote.com Jobs,Remote Job Board,Remote / Global,Active Platform,Directory,https://remote.com/jobs,"Official platform entry point. Use platform filters and verify posting date, employer identity, location eligibility and application route."
platform-0152,Remote4Me,Remote Job Board,Remote / Global,Active Platform,Directory,https://remote4me.com/,"Official platform entry point. Use platform filters and verify posting date, employer identity, location eligibility and application route."
platform-0153,RemoteHub,Remote Job Board,Remote / Global,Active Platform,Directory,https://www.remotehub.com/jobs,"Official platform entry point. Use platform filters and verify posting date, employer identity, location eligibility and application route."
platform-0154,RemoteJobs.com,Remote Job Board,Remote / Global,Active Platform,Directory,https://www.remotejobs.com/,"Official platform entry point. Use platform filters and verify posting date, employer identity, location eligibility and application route."
platform-0155,SkipTheDrive,Remote Job Board,Remote / Global,Active Platform,Directory,https://www.skipthedrive.com/,"Official platform entry point. Use platform filters and verify posting date, employer identity, location eligibility and application route."
platform-0156,Turing,Remote Job Board,Remote / Global,Active Platform,Directory,https://www.turing.com/jobs,"Official platform entry point. Use platform filters and verify posting date, employer identity, location eligibility and application route."
platform-0157,Virtual Vocations,Remote Job Board,Remote / Global,Active Platform,Directory,https://www.virtualvocations.com/,"Official platform entry point. Use platform filters and verify posting date, employer identity, location eligibility and application route."
platform-0158,Workew,Remote Job Board,Remote / Global,Active Platform,Directory,https://workew.com/,"Official platform entry point. Use platform filters and verify posting date, employer identity, location eligibility and application route."
platform-0159,Working Nomads,Remote Job Board,Remote / Global,Active Platform,Directory,https://www.workingnomads.com/jobs,"Official platform entry point. Use platform filters and verify posting date, employer identity, location eligibility and application route."
platform-0160,ai-jobs.net,Tech & Startup Jobs,Remote / Global,Active Platform,Directory,https://ai-jobs.net/,"Official platform entry point. Use platform filters and verify posting date, employer identity, location eligibility and application route."
platform-0161,Built In,Tech & Startup Jobs,Remote / Global,Active Platform,Directory,https://builtin.com/jobs,"Official platform entry point. Use platform filters and verify posting date, employer identity, location eligibility and application route."
platform-0162,CloudJobs,Tech & Startup Jobs,Remote / Global,Active Platform,Directory,https://cloudjobs.com/,"Official platform entry point. Use platform filters and verify posting date, employer identity, location eligibility and application route."
platform-0163,CrunchBoard,Tech & Startup Jobs,Remote / Global,Active Platform,Directory,https://www.crunchboard.com/jobs,"Official platform entry point. Use platform filters and verify posting date, employer identity, location eligibility and application route."
platform-0164,CyberSecurityJobs,Tech & Startup Jobs,Remote / Global,Active Platform,Directory,https://www.cybersecurityjobsite.com/,"Official platform entry point. Use platform filters and verify posting date, employer identity, location eligibility and application route."
platform-0165,DataJobs,Tech & Startup Jobs,Remote / Global,Active Platform,Directory,https://datajobs.com/,"Official platform entry point. Use platform filters and verify posting date, employer identity, location eligibility and application route."
platform-0166,Dice,Tech & Startup Jobs,Remote / Global,Active Platform,Directory,https://www.dice.com/jobs,"Official platform entry point. Use platform filters and verify posting date, employer identity, location eligibility and application route."
platform-0167,eFinancialCareers,Tech & Startup Jobs,Remote / Global,Active Platform,Directory,https://www.efinancialcareers.com/,"Official platform entry point. Use platform filters and verify posting date, employer identity, location eligibility and application route."
platform-0168,F6S Jobs,Tech & Startup Jobs,Remote / Global,Active Platform,Directory,https://www.f6s.com/jobs,"Official platform entry point. Use platform filters and verify posting date, employer identity, location eligibility and application route."
platform-0169,Hacker News Who Is Hiring,Tech & Startup Jobs,Remote / Global,Active Platform,Directory,https://news.ycombinator.com/submitted?id=whoishiring,"Official platform entry point. Use platform filters and verify posting date, employer identity, location eligibility and application route."
platform-0170,Hired,Tech & Startup Jobs,Remote / Global,Active Platform,Directory,https://hired.com/,"Official platform entry point. Use platform filters and verify posting date, employer identity, location eligibility and application route."
platform-0171,Techstars Jobs,Tech & Startup Jobs,Remote / Global,Active Platform,Directory,https://jobs.techstars.com/,"Official platform entry point. Use platform filters and verify posting date, employer identity, location eligibility and application route."
platform-0172,Welcome to the Jungle,Tech & Startup Jobs,Remote / Global,Active Platform,Directory,https://www.welcometothejungle.com/en/jobs,"Official platform entry point. Use platform filters and verify posting date, employer identity, location eligibility and application route."
platform-0173,Y Combinator Work at a Startup,Tech & Startup Jobs,Remote / Global,Active Platform,Directory,https://www.workatastartup.com/jobs,"Official platform entry point. Use platform filters and verify posting date, employer identity, location eligibility and application route."
