id,title,subtitle,type,region,country,location,fit,status,posted,checked,notes,source,url,sourceClass,coverage,specialism,accountRequired,alertsAvailable,rssUrl,reviewFrequency,priority,egyptEligibility,remoteScope,officialApplyPolicy,sourceRank,sourceGroup,careersLinkQuality,lifecycleStatus
source-001,United Nations Careers,UN & Multilateral,Job Source,Global,Global,Global,High,Careers Page Available,,2026-07-21,Official UN Secretariat vacancies. Other UN entities use their own portals.,Official multilateral careers,https://careers.un.org/jobs,Official multilateral careers,Global,UN Secretariat; ICT; management; development,Yes,RSS + account alerts,https://careers.un.org/jobfeed?isPage=true&language=en,Daily,High,International and national roles; check vacancy,Some roles remote; duty-station rules apply,Apply on official UN Careers portal,6,UN & Multilateral,Direct careers page,Active
source-002,UNDP Jobs,UN & Multilateral,Job Source,Global,Global,Global,High,Careers Page Available,,2026-07-21,Development; digital transformation; governance; programme technology. Review individual vacancy eligibility and deadline on the original listing.,Official multilateral careers,https://jobs.undp.org/cj_view_jobs.cfm?cur_lang=en,Official multilateral careers,Global,Development; digital transformation; governance; programme technology,Yes,Saved search / email,,Daily,High,"Egypt, Africa and international roles","Includes international, local and remote opportunities",Apply on official UNDP portal,6,UN & Multilateral,Direct careers page,Active
source-003,UNICEF Careers,UN & Multilateral,Job Source,Global,Global,Global,High,Careers Page Available,,2026-07-21,Children; health; digital; data; programme management. Review individual vacancy eligibility and deadline on the original listing.,Official multilateral careers,https://jobs.unicef.org/en-us/listing/,Official multilateral careers,Global,Children; health; digital; data; programme management,Optional,Email subscription,,Daily,High,"Egypt, MENA, Africa and international roles",Some consultancies are remote; restrictions vary,Apply on official UNICEF portal,6,UN & Multilateral,Direct careers page,Active
source-004,UNOPS Jobs,UN & Multilateral,Job Source,Global,Global,Global,High,Careers Page Available,,2026-07-21,Project services; infrastructure; procurement; IT; programme delivery. Review individual vacancy eligibility and deadline on the original listing.,Official multilateral careers,https://jobs.unops.org/,Official multilateral careers,Global,Project services; infrastructure; procurement; IT; programme delivery,Yes,Job alerts,,Daily,High,International and local roles; check nationality conditions,Some home-based opportunities,Apply on official UNOPS portal,6,UN & Multilateral,Direct careers page,Active
source-005,UNHCR Careers,UN & Multilateral,Job Source,Global,Global,Global,High,Careers Page Available,,2026-07-21,Refugee response; humanitarian operations; ICT; data. Review individual vacancy eligibility and deadline on the original listing.,Official multilateral careers,https://unhcr.wd3.myworkdayjobs.com/External,Official multilateral careers,Global,Refugee response; humanitarian operations; ICT; data,Yes,Account alerts,,Daily,High,International and national roles,Remote eligibility varies,Applications accepted through official UNHCR platform,6,UN & Multilateral,Direct careers page,Active
source-006,WHO Careers,Health & Multilateral,Job Source,Global,Global,Global,High,Careers Page Available,,2026-07-21,Public health; digital health; data; operations; leadership. Review individual vacancy eligibility and deadline on the original listing.,Official multilateral careers,https://careers.who.int/careersection/ex/jobsearch.ftl?lang=en,Official multilateral careers,Global,Public health; digital health; data; operations; leadership,Yes,RSS + saved search,https://careers.who.int/careersection/ex/jobsearch.ftl?lang=en,Daily,High,"International Professional, National Professional and consultant roles",Some consultancies and assignments may be remote,Apply through WHO Stellis,6,Health & Multilateral,Direct careers page,Active
source-007,World Bank Group Careers,Development Finance,Job Source,Global,Global,Global,High,Careers Page Available,,2026-07-21,Development finance; digital development; data; operations. Review individual vacancy eligibility and deadline on the original listing.,Official multilateral careers,https://www.worldbank.org/en/about/careers,Official multilateral careers,Global,Development finance; digital development; data; operations,Yes,Talent network / alerts,,2–3 days,High,Global recruitment; role-specific nationality rules,Some positions allow flexible work,Apply on World Bank Group careers portal,6,Development Finance,Direct careers page,Active
source-008,IFC Careers,Development Finance,Job Source,Global,Global,Global,High,Careers Page Available,,2026-07-21,Private-sector development; investment; digital infrastructure. Review individual vacancy eligibility and deadline on the original listing.,Official multilateral careers,https://www.ifc.org/en/about/careers,Official multilateral careers,Global,Private-sector development; investment; digital infrastructure,Yes,Talent network,,Weekly,High,Global recruitment,Role-specific,Apply on IFC / World Bank Group portal,6,Development Finance,Direct careers page,Active
source-009,IOM Careers,UN & Multilateral,Job Source,Global,Global,Global,High,Careers Page Available,,2026-07-21,Migration; humanitarian; programme systems; data. Review individual vacancy eligibility and deadline on the original listing.,Official multilateral careers,https://www.iom.int/careers,Official multilateral careers,Global,Migration; humanitarian; programme systems; data,Yes,Vacancy alerts,,Daily,High,International and national posts,Role-specific,Apply through official IOM recruitment system,6,UN & Multilateral,Direct careers page,Active
source-010,African Union Careers,African Institutions,Job Source,Africa,Africa,Africa,High,Careers Page Available,,2026-07-21,Pan-African policy; digital transformation; administration; programmes. Review individual vacancy eligibility and deadline on the original listing.,Official regional institution,https://jobs.au.int/,Official regional institution,Africa,Pan-African policy; digital transformation; administration; programmes,Yes,Account alerts,,2–3 days,High,African Union member-state eligibility varies by role,Mostly duty-station based,Apply on AU official careers portal,6,African Institutions,Direct careers page,Active
source-011,African Development Bank Careers,Development Finance,Job Source,Africa,Africa,Africa,High,Careers Page Available,,2026-07-21,Development finance; digital; operations; consultants. Review individual vacancy eligibility and deadline on the original listing.,Official development bank,https://www.afdb.org/en/about-us/careers/current-vacancies,Official development bank,Africa,Development finance; digital; operations; consultants,Optional,RSS + email,https://www.afdb.org/en/vacancies/about-us/careers/current-vacancies/rss,2–3 days,High,International recruitment; role conditions vary,Mostly duty-station based,Apply on AfDB official portal,6,Development Finance,Direct careers page,Active
source-012,AfDB Consultant Vacancies,Development Consulting,Job Source,Africa,Africa,Africa,High,Careers Page Available,,2026-07-21,Consulting assignments; technical assistance. Review individual vacancy eligibility and deadline on the original listing.,Official development bank,https://www.afdb.org/en/about-us/careers/current-vacancies/consultants,Official development bank,Africa,Consulting assignments; technical assistance,Optional,RSS + email,https://www.afdb.org/en/vacancies/about-us/careers/current-vacancies/consultants/news-and-events/rss,2–3 days,High,Consultant eligibility varies,Some assignments may include travel or remote inputs,Apply according to official notice,6,Development Consulting,Direct careers page,Active
source-013,Islamic Development Bank Careers,Development Finance,Job Source,MENA / Global,Global,Member countries,High,Careers Page Available,,2026-07-21,Development finance; technology; operations. Review individual vacancy eligibility and deadline on the original listing.,Official development bank,https://www.isdb.org/careers,Official development bank,Member countries,Development finance; technology; operations,Yes,Talent alerts,,Weekly,High,Member-country and role conditions vary,Mostly duty-station based,Apply on IsDB official portal,6,Development Finance,Direct careers page,Active
source-014,EBRD Careers,Development Finance,Job Source,EMEA,Global,EBRD regions,Medium,Careers Page Available,,2026-07-21,Banking; digital; infrastructure; operations. Review individual vacancy eligibility and deadline on the original listing.,Official development bank,https://www.ebrd.com/home/work-with-us/careers.html,Official development bank,EBRD regions,Banking; digital; infrastructure; operations,Yes,Job alerts,,Weekly,Medium,Role-specific,Hybrid/flexible depends on role,Apply on EBRD official portal,6,Development Finance,Direct careers page,Active
source-015,Africa CDC Careers,Health & African Institutions,Job Source,Africa,Africa,Africa,High,Careers Page Available,,2026-07-21,Public health; health security; digital health; data. Review individual vacancy eligibility and deadline on the original listing.,Official African public-health institution,https://africacdc.org/career/,Official African public-health institution,Africa,Public health; health security; digital health; data,Optional,Website updates,,Weekly,High,African and international roles vary,Mostly duty-station based,Apply through official Africa CDC notices,6,Health & African Institutions,Direct careers page,Active
source-016,UNFPA Jobs,UN & Multilateral,Job Source,Global,Global,Global,High,Careers Page Available,,2026-07-21,Population; health; data; programme management. Review individual vacancy eligibility and deadline on the original listing.,Official multilateral careers,https://www.unfpa.org/jobs,Official multilateral careers,Global,Population; health; data; programme management,Yes,Job alerts,,Daily,High,International and national roles,Some consultancies remote,Apply on UNFPA official portal,6,UN & Multilateral,Direct careers page,Active
source-017,WFP Careers,UN & Humanitarian,Job Source,Global,Global,Global,High,Careers Page Available,,2026-07-21,Humanitarian logistics; data; technology; programme operations. Review individual vacancy eligibility and deadline on the original listing.,Official multilateral careers,https://www.wfp.org/careers,Official multilateral careers,Global,Humanitarian logistics; data; technology; programme operations,Yes,Job alerts,,Daily,High,International and local roles,Role-specific,Apply on WFP official portal,6,UN & Humanitarian,Direct careers page,Active
source-018,FAO Employment,UN & Multilateral,Job Source,Global,Global,Global,Medium,Careers Page Available,,2026-07-21,Agriculture; data; digital; operations; consultants. Review individual vacancy eligibility and deadline on the original listing.,Official multilateral careers,https://www.fao.org/employment/home/en/,Official multilateral careers,Global,Agriculture; data; digital; operations; consultants,Yes,Job alerts,,Weekly,Medium,International and national roles,Consultancies vary,Apply on FAO official portal,6,UN & Multilateral,Direct careers page,Active
source-019,ILO Jobs,UN & Multilateral,Job Source,Global,Global,Global,Medium,Careers Page Available,,2026-07-21,Labour policy; digital systems; programme management. Review individual vacancy eligibility and deadline on the original listing.,Official multilateral careers,https://jobs.ilo.org/,Official multilateral careers,Global,Labour policy; digital systems; programme management,Yes,Job alerts,,Weekly,Medium,International and national roles,Role-specific,Apply on ILO official portal,6,UN & Multilateral,Direct careers page,Active
source-020,UNESCO Careers,UN & Multilateral,Job Source,Global,Global,Global,Medium,Careers Page Available,,2026-07-21,Education; science; culture; digital; administration. Review individual vacancy eligibility and deadline on the original listing.,Official multilateral careers,https://careers.unesco.org/,Official multilateral careers,Global,Education; science; culture; digital; administration,Yes,Job alerts,,Weekly,Medium,International and local roles,Role-specific,Apply on UNESCO official portal,6,UN & Multilateral,Direct careers page,Active
source-021,UN Women Careers,UN & Multilateral,Job Source,Global,Global,Global,Medium,Careers Page Available,,2026-07-21,Gender; programmes; data; operations. Review individual vacancy eligibility and deadline on the original listing.,Official multilateral careers,https://jobs.undp.org/cj_view_jobs.cfm?cur_org=UNWOMEN,Official multilateral careers,Global,Gender; programmes; data; operations,Yes,Email alerts,,Weekly,Medium,International and national roles,Some consultancies remote,Apply through official UN Women / UNDP jobs system,6,UN & Multilateral,Direct careers page,Active
source-022,UNEP Careers,UN & Multilateral,Job Source,Global,Global,Global,Medium,Careers Page Available,,2026-07-21,Environment; digital; data; programme management. Review individual vacancy eligibility and deadline on the original listing.,Official multilateral careers,https://www.unep.org/work-with-us,Official multilateral careers,Global,Environment; digital; data; programme management,Optional,UN Careers alerts,,Weekly,Medium,Roles may be on UN Careers or partner portals,Role-specific,Use official UNEP work-with-us links,6,UN & Multilateral,Direct careers page,Active
source-023,Impactpool,Development Platforms,Job Source,Global,Global,Global,High,Careers Page Available,,2026-07-21,UN; NGO; EU; international development; senior roles. Review individual vacancy eligibility and deadline on the original listing.,Established specialist platform,https://www.impactpool.org/jobs,Established specialist platform,Global,UN; NGO; EU; international development; senior roles,Yes,Email alerts,,Daily,High,Filter by country and organization; verify role restrictions,Remote and home-based filters available,Apply on platform or linked official portal,5,Development Platforms,Direct careers page,Active
source-024,Devex Jobs,Development Platforms,Job Source,Global,Global,Global,High,Careers Page Available,,2026-07-21,International development; consulting; NGOs; donors. Review individual vacancy eligibility and deadline on the original listing.,Established specialist platform,https://www.devex.com/jobs,Established specialist platform,Global,International development; consulting; NGOs; donors,Yes,Email alerts,,Daily,High,Global; membership may affect access,Remote filter varies,Prefer linked official application page,5,Development Platforms,Direct careers page,Active
source-025,DevelopmentAid Jobs,Development Platforms,Job Source,Global,Global,Global,High,Careers Page Available,,2026-07-21,International development; experts; consulting; staff roles. Review individual vacancy eligibility and deadline on the original listing.,Established specialist platform,https://internationaljobs.developmentaid.org/,Established specialist platform,Global,International development; experts; consulting; staff roles,Yes,Early alerts,,Daily,High,Public and member-only listings,Remote and regional roles included,Easy Apply or redirect to official organization,5,Development Platforms,Direct careers page,Active
source-026,DevNetJobs,Development Platforms,Job Source,Global,Global,Global,High,Careers Page Available,,2026-07-21,NGO; development; consulting; humanitarian. Review individual vacancy eligibility and deadline on the original listing.,Established specialist platform,https://devnetjobs.org/,Established specialist platform,Global,NGO; development; consulting; humanitarian,Optional,Daily alerts / newsletter,,Daily,High,Global listings; some member-only details,Remote/regional listings included,Apply according to listing; verify employer,5,Development Platforms,Direct careers page,Active
source-027,ReliefWeb Jobs,Humanitarian Platforms,Job Source,Global,Global,Global,High,Careers Page Available,,2026-07-21,Humanitarian; emergency; NGO; UN. Review individual vacancy eligibility and deadline on the original listing.,Official humanitarian platform,https://reliefweb.int/jobs,Official humanitarian platform,Global,Humanitarian; emergency; NGO; UN,No,RSS / filters,https://reliefweb.int/jobs/rss.xml,Daily,High,Global; check each employer requirement,Remote and roving roles included,Prefer employer application link,5,Humanitarian Platforms,Direct careers page,Active
source-028,Idealist,Nonprofit Platforms,Job Source,Global,Global,Global,Medium,Careers Page Available,,2026-07-21,Nonprofit; social impact; foundations. Review individual vacancy eligibility and deadline on the original listing.,Established nonprofit platform,https://www.idealist.org/en/jobs,Established nonprofit platform,Global,Nonprofit; social impact; foundations,Yes,Email alerts,,Weekly,Medium,Many roles country-restricted,Remote filter available,Apply on platform or employer site,4,Nonprofit Platforms,Established search platform,Active
source-029,CharityJob,Nonprofit Platforms,Job Source,Europe,United Kingdom,United Kingdom,Medium,Careers Page Available,,2026-07-21,Charity; NGO; international development. Review individual vacancy eligibility and deadline on the original listing.,Established nonprofit platform,https://www.charityjob.co.uk/jobs,Established nonprofit platform,United Kingdom,Charity; NGO; international development,Yes,Email alerts,,Weekly,Low,Many roles require UK work authorization,UK-focused remote/hybrid,Apply on platform or employer site,4,Nonprofit Platforms,Established search platform,Active
source-030,Jobberman Nigeria,Africa Regional Boards,Job Source,West Africa,Nigeria,Nigeria,High,Careers Page Available,,2026-07-21,General; technology; healthcare; NGO; management. Review individual vacancy eligibility and deadline on the original listing.,Established regional job board,https://www.jobberman.com/jobs,Established regional job board,Nigeria,General; technology; healthcare; NGO; management,Yes,Email / browser notifications,,Weekly,High,Open to applicants eligible for Nigerian roles,Remote filter available,Platform applications and employer redirects,4,Africa Regional Boards,Established search platform,Active
source-031,Jobberman Ghana,Africa Regional Boards,Job Source,West Africa,Ghana,Ghana,Medium,Careers Page Available,,2026-07-21,General; technology; NGO; management. Review individual vacancy eligibility and deadline on the original listing.,Established regional job board,https://www.jobberman.com.gh/jobs,Established regional job board,Ghana,General; technology; NGO; management,Yes,Email alerts,,Weekly,Medium,Check Ghana work eligibility,Some remote listings,Platform applications and employer redirects,4,Africa Regional Boards,Established search platform,Active
source-032,BrighterMonday Kenya,Africa Regional Boards,Job Source,East Africa,Kenya,Kenya,High,Careers Page Available,,2026-07-21,General; technology; NGO; healthcare; management. Review individual vacancy eligibility and deadline on the original listing.,Established regional job board,https://www.brightermonday.co.ke/jobs,Established regional job board,Kenya,General; technology; NGO; healthcare; management,Yes,Hourly / daily / weekly alerts,,Weekly,High,Check Kenya or international eligibility,Remote filter available,Platform applications and employer redirects,4,Africa Regional Boards,Established search platform,Active
source-033,BrighterMonday Uganda,Africa Regional Boards,Job Source,East Africa,Uganda,Uganda,Medium,Careers Page Available,,2026-07-21,General; NGO; technology; operations. Review individual vacancy eligibility and deadline on the original listing.,Established regional job board,https://www.brightermonday.co.ug/jobs,Established regional job board,Uganda,General; NGO; technology; operations,Yes,Email alerts,,Weekly,Medium,Check Uganda work eligibility,Some remote listings,Platform applications and employer redirects,4,Africa Regional Boards,Established search platform,Active
source-034,BrighterMonday Rwanda,Africa Regional Boards,Job Source,East Africa,Rwanda,Rwanda,Medium,Careers Page Available,,2026-07-21,General; NGO; technology; operations. Review individual vacancy eligibility and deadline on the original listing.,Established regional job board,https://www.brightermonday.co.rw/jobs,Established regional job board,Rwanda,General; NGO; technology; operations,Yes,Email alerts,,Weekly,Medium,Check Rwanda work eligibility,Some remote listings,Platform applications and employer redirects,4,Africa Regional Boards,Established search platform,Active
source-035,MyJobMag Nigeria,Africa Regional Boards,Job Source,West Africa,Nigeria,Nigeria,Medium,Careers Page Available,,2026-07-21,General; NGO; technology; healthcare. Review individual vacancy eligibility and deadline on the original listing.,Established regional job board,https://www.myjobmag.com/,Established regional job board,Nigeria,General; NGO; technology; healthcare,Optional,Email alerts,,Weekly,Medium,Check individual listing,Some remote listings,Prefer employer link when available,4,Africa Regional Boards,Established search platform,Active
source-036,MyJobMag Kenya,Africa Regional Boards,Job Source,East Africa,Kenya,Kenya,Medium,Careers Page Available,,2026-07-21,General; NGO; technology; healthcare. Review individual vacancy eligibility and deadline on the original listing.,Established regional job board,https://www.myjobmag.co.ke/,Established regional job board,Kenya,General; NGO; technology; healthcare,Optional,Email alerts,,Weekly,Medium,Check individual listing,Some remote listings,Prefer employer link when available,4,Africa Regional Boards,Established search platform,Active
source-037,MyJobMag Ghana,Africa Regional Boards,Job Source,West Africa,Ghana,Ghana,Medium,Careers Page Available,,2026-07-21,General; NGO; technology; healthcare. Review individual vacancy eligibility and deadline on the original listing.,Established regional job board,https://www.myjobmag.com.gh/,Established regional job board,Ghana,General; NGO; technology; healthcare,Optional,Email alerts,,Weekly,Medium,Check individual listing,Some remote listings,Prefer employer link when available,4,Africa Regional Boards,Established search platform,Active
source-038,MyJobMag South Africa,Africa Regional Boards,Job Source,Southern Africa,South Africa,South Africa,Medium,Careers Page Available,,2026-07-21,General; NGO; technology; healthcare. Review individual vacancy eligibility and deadline on the original listing.,Established regional job board,https://www.myjobmag.co.za/,Established regional job board,South Africa,General; NGO; technology; healthcare,Optional,Email alerts,,Weekly,Medium,Check South Africa work eligibility,Some remote listings,Prefer employer link when available,4,Africa Regional Boards,Established search platform,Active
source-039,PNet,Africa Regional Boards,Job Source,Southern Africa,South Africa,South Africa,Medium,Careers Page Available,,2026-07-21,Professional; technology; management; healthcare. Review individual vacancy eligibility and deadline on the original listing.,Established regional job board,https://www.pnet.co.za/jobs,Established regional job board,South Africa,Professional; technology; management; healthcare,Yes,Email alerts,,Weekly,Medium,Many roles require South Africa eligibility,Remote/hybrid filters available,Apply through platform or employer,4,Africa Regional Boards,Established search platform,Active
source-040,Careers24,Africa Regional Boards,Job Source,Southern Africa,South Africa,South Africa,Medium,Careers Page Available,,2026-07-21,General; professional; technology; management. Review individual vacancy eligibility and deadline on the original listing.,Established regional job board,https://www.careers24.com/jobs/,Established regional job board,South Africa,General; professional; technology; management,Yes,Email alerts,,Weekly,Medium,Many roles require South Africa eligibility,Remote filter varies,Apply through platform or employer,4,Africa Regional Boards,Established search platform,Active
source-041,Ethiojobs,Africa Regional Boards,Job Source,East Africa,Ethiopia,Ethiopia,Medium,Careers Page Available,,2026-07-21,NGO; development; technology; management. Review individual vacancy eligibility and deadline on the original listing.,Established regional job board,https://www.ethiojobs.net/,Established regional job board,Ethiopia,NGO; development; technology; management,Yes,Email alerts,,Weekly,Medium,Check Ethiopia eligibility,Limited remote,Apply according to listing,4,Africa Regional Boards,Established search platform,Active
source-042,Great Uganda Jobs,Africa Regional Boards,Job Source,East Africa,Uganda,Uganda,Medium,Careers Page Available,,2026-07-21,NGO; development; general. Review individual vacancy eligibility and deadline on the original listing.,Regional job board,https://www.greatugandajobs.com/,Regional job board,Uganda,NGO; development; general,Optional,Email / website,,Weekly,Low,Check Uganda eligibility,Limited remote,Verify employer and official source,3,Africa Regional Boards,Established search platform,Active
source-043,LinkedIn Jobs,General Platforms,Job Source,Global,Global,Global,High,Careers Page Available,,2026-07-21,Professional; technology; leadership; all sectors. Review individual vacancy eligibility and deadline on the original listing.,Established general platform,https://www.linkedin.com/jobs/,Established general platform,Global,Professional; technology; leadership; all sectors,Yes,Job alerts,,Daily,High,Use location and remote filters; verify employer,"Worldwide, EMEA and country-restricted roles",Prefer official employer apply link when available,3,General Platforms,Established search platform,Active
source-044,Indeed,General Platforms,Job Source,Global,Global,Global,Medium,Careers Page Available,,2026-07-21,General job aggregation. Review individual vacancy eligibility and deadline on the original listing.,Established general platform,https://www.indeed.com/,Established general platform,Global,General job aggregation,Optional,Email alerts,,Weekly,Medium,Country site and employer restrictions vary,Remote filter available,Prefer official employer source,3,General Platforms,Established search platform,Active
source-045,Glassdoor,General Platforms,Job Source,Global,Global,Global,Medium,Careers Page Available,,2026-07-21,Jobs; employer research; reviews. Review individual vacancy eligibility and deadline on the original listing.,Established general platform,https://www.glassdoor.com/Job/index.htm,Established general platform,Global,Jobs; employer research; reviews,Yes,Email alerts,,Weekly,Medium,Eligibility varies,Remote filter available,Prefer official employer source,3,General Platforms,Established search platform,Active
source-046,WUZZUF,Egypt & MENA Platforms,Job Source,Egypt,Egypt,Egypt,High,Careers Page Available,,2026-07-21,Egypt technology; management; private sector. Review individual vacancy eligibility and deadline on the original listing.,Established regional job board,https://wuzzuf.net/jobs/egypt,Established regional job board,Egypt,Egypt technology; management; private sector,Yes,Email alerts,,2–3 days,High,Egypt-based roles,Remote/hybrid filters available,Apply through WUZZUF or employer,4,Egypt & MENA Platforms,Established search platform,Active
source-047,Bayt,Egypt & MENA Platforms,Job Source,MENA,Middle East,MENA,High,Careers Page Available,,2026-07-21,Middle East professional roles. Review individual vacancy eligibility and deadline on the original listing.,Established regional job board,https://www.bayt.com/en/international/jobs/,Established regional job board,MENA,Middle East professional roles,Yes,Job alerts,,2–3 days,High,Egyptians can apply where employer accepts international candidates,Remote filter varies,Apply through Bayt or employer,4,Egypt & MENA Platforms,Established search platform,Active
source-048,GulfTalent,Egypt & MENA Platforms,Job Source,GCC,GCC,GCC,High,Careers Page Available,,2026-07-21,Senior professional and management roles. Review individual vacancy eligibility and deadline on the original listing.,Established regional job board,https://www.gulftalent.com/jobs,Established regional job board,GCC,Senior professional and management roles,Yes,Job alerts,,2–3 days,High,Check visa and nationality conditions,Mostly onsite/hybrid,Apply through GulfTalent or employer,4,Egypt & MENA Platforms,Established search platform,Active
source-049,Naukrigulf,Egypt & MENA Platforms,Job Source,GCC,GCC,GCC,High,Careers Page Available,,2026-07-21,Gulf professional roles. Review individual vacancy eligibility and deadline on the original listing.,Established regional job board,https://www.naukrigulf.com/,Established regional job board,GCC,Gulf professional roles,Yes,Job alerts,,2–3 days,High,Check visa and nationality conditions,Some remote listings,Apply through platform or employer,4,Egypt & MENA Platforms,Established search platform,Active
source-050,Wellfound,Remote & Startup,Job Source,Global,Global,Global,Medium,Careers Page Available,,2026-07-21,Startups; technology; product; remote. Review individual vacancy eligibility and deadline on the original listing.,Established startup platform,https://wellfound.com/jobs,Established startup platform,Global,Startups; technology; product; remote,Yes,Job alerts,,Weekly,Medium,Check “Hires Remotely From” for Egypt,Worldwide and country-specific remote,Apply through Wellfound or company,4,Remote & Startup,Established search platform,Active
source-051,FlexJobs,Remote & Startup,Job Source,Global,Global,Global,Medium,Careers Page Available,,2026-07-21,Remote; hybrid; flexible roles. Review individual vacancy eligibility and deadline on the original listing.,Established remote platform,https://www.flexjobs.com/remote-jobs,Established remote platform,Global,Remote; hybrid; flexible roles,Yes / paid,Email alerts,,Weekly,Medium,Check employer location restrictions,"Remote, hybrid and flexible",Apply through platform or employer,4,Remote & Startup,Established search platform,Active
source-052,Remote OK,Remote & Startup,Job Source,Remote,Global,Global,Medium,Careers Page Available,,2026-07-21,Remote technology roles. Review individual vacancy eligibility and deadline on the original listing.,Established remote platform,https://remoteok.com/,Established remote platform,Global,Remote technology roles,Optional,Email / RSS,https://remoteok.com/remote-jobs.rss,Weekly,Medium,Many roles list regional restrictions,Worldwide and region-restricted remote,Apply through listing,4,Remote & Startup,Established search platform,Active
source-053,We Work Remotely,Remote & Startup,Job Source,Remote,Global,Global,Medium,Careers Page Available,,2026-07-21,Remote technology; product; management. Review individual vacancy eligibility and deadline on the original listing.,Established remote platform,https://weworkremotely.com/remote-jobs/search,Established remote platform,Global,Remote technology; product; management,Optional,Email / RSS,https://weworkremotely.com/categories/remote-programming-jobs.rss,Weekly,Medium,Check country restrictions,Worldwide and restricted remote,Apply through listing,4,Remote & Startup,Established search platform,Active
source-054,Remotive,Remote & Startup,Job Source,Remote,Global,Global,Medium,Careers Page Available,,2026-07-21,Remote technology; operations; product. Review individual vacancy eligibility and deadline on the original listing.,Established remote platform,https://remotive.com/remote-jobs,Established remote platform,Global,Remote technology; operations; product,Optional,Email / RSS,https://remotive.com/remote-jobs/feed,Weekly,Medium,Check location tags,Worldwide and region-restricted remote,Apply through listing,4,Remote & Startup,Established search platform,Active
source-055,Working Nomads,Remote & Startup,Job Source,Remote,Global,Global,Medium,Careers Page Available,,2026-07-21,Remote technology and professional roles. Review individual vacancy eligibility and deadline on the original listing.,Established remote platform,https://www.workingnomads.com/jobs,Established remote platform,Global,Remote technology and professional roles,Optional,Email alerts,,Weekly,Low,Check regional restrictions,Remote,Apply through listing,4,Remote & Startup,Established search platform,Active
source-056,PATH Careers,Health Employers,Job Source,Africa / Global,Global,Africa / Global,High,Careers Page Available,,2026-07-21,Global health; digital health; programme technology. Review individual vacancy eligibility and deadline on the original listing.,Official employer careers,https://www.path.org/careers/,Official employer careers,Africa / Global,Global health; digital health; programme technology,Yes,Job alerts,,Weekly,High,Egyptians may apply to international or eligible national roles,Some remote or regional roles,Apply on official employer careers page,6,Health Employers,Direct careers page,Active
source-057,Jhpiego Careers,Health Employers,Job Source,Africa / Global,Global,Africa / Global,High,Careers Page Available,,2026-07-21,Global health; digital health; country programmes. Review individual vacancy eligibility and deadline on the original listing.,Official employer careers,https://www.jhpiego.org/careers/,Official employer careers,Africa / Global,Global health; digital health; country programmes,Yes,Job alerts,,Weekly,High,Egyptians may apply to international or eligible national roles,Some remote or regional roles,Apply on official employer careers page,6,Health Employers,Direct careers page,Active
source-058,FHI 360 Careers,Development Implementers,Job Source,Africa / Global,Global,Africa / Global,High,Careers Page Available,,2026-07-21,Health; education; development; technology. Review individual vacancy eligibility and deadline on the original listing.,Official employer careers,https://www.fhi360.org/careers,Official employer careers,Africa / Global,Health; education; development; technology,Yes,Job alerts,,Weekly,High,Egyptians may apply to international or eligible national roles,Some remote or regional roles,Apply on official employer careers page,6,Development Implementers,Direct careers page,Active
source-059,Amref Health Africa Careers,Health Employers,Job Source,Africa / Global,Global,Africa / Global,High,Careers Page Available,,2026-07-21,African health; digital health; programmes. Review individual vacancy eligibility and deadline on the original listing.,Official employer careers,https://amref.org/job-vacancies/,Official employer careers,Africa / Global,African health; digital health; programmes,Yes,Job alerts,,Weekly,High,Egyptians may apply to international or eligible national roles,Some remote or regional roles,Apply on official employer careers page,6,Health Employers,Direct careers page,Active
source-060,Clinton Health Access Initiative Careers,Health Employers,Job Source,Africa / Global,Global,Africa / Global,High,Careers Page Available,,2026-07-21,Health systems; analytics; digital health. Review individual vacancy eligibility and deadline on the original listing.,Official employer careers,https://www.clintonhealthaccess.org/join-our-team/,Official employer careers,Africa / Global,Health systems; analytics; digital health,Yes,Job alerts,,Weekly,High,Egyptians may apply to international or eligible national roles,Some remote or regional roles,Apply on official employer careers page,6,Health Employers,Direct careers page,Active
source-061,Management Sciences for Health Careers,Health Employers,Job Source,Africa / Global,Global,Africa / Global,High,Careers Page Available,,2026-07-21,Health systems; digital; programme operations. Review individual vacancy eligibility and deadline on the original listing.,Official employer careers,https://www.msh.org/careers,Official employer careers,Africa / Global,Health systems; digital; programme operations,Yes,Job alerts,,Weekly,High,Egyptians may apply to international or eligible national roles,Some remote or regional roles,Apply on official employer careers page,6,Health Employers,Direct careers page,Active
source-062,IntraHealth Careers,Health Employers,Job Source,Africa / Global,Global,Africa / Global,Medium,Careers Page Available,,2026-07-21,Health workforce; digital health; data. Review individual vacancy eligibility and deadline on the original listing.,Official employer careers,https://www.intrahealth.org/careers,Official employer careers,Africa / Global,Health workforce; digital health; data,Yes,Job alerts,,Weekly,Medium,Egyptians may apply to international or eligible national roles,Some remote or regional roles,Apply on official employer careers page,6,Health Employers,Direct careers page,Active
source-063,DAI Careers,Development Implementers,Job Source,Africa / Global,Global,Africa / Global,High,Careers Page Available,,2026-07-21,Development consulting; digital; governance. Review individual vacancy eligibility and deadline on the original listing.,Official employer careers,https://www.dai.com/careers,Official employer careers,Africa / Global,Development consulting; digital; governance,Yes,Job alerts,,Weekly,High,Egyptians may apply to international or eligible national roles,Some remote or regional roles,Apply on official employer careers page,6,Development Implementers,Direct careers page,Active
source-064,Chemonics Careers,Development Implementers,Job Source,Africa / Global,Global,Africa / Global,High,Careers Page Available,,2026-07-21,Development consulting; programmes; digital. Review individual vacancy eligibility and deadline on the original listing.,Official employer careers,https://chemonics.com/jobs/,Official employer careers,Africa / Global,Development consulting; programmes; digital,Yes,Job alerts,,Weekly,High,Egyptians may apply to international or eligible national roles,Some remote or regional roles,Apply on official employer careers page,6,Development Implementers,Direct careers page,Active
source-065,Palladium Careers,Development Implementers,Job Source,Africa / Global,Global,Africa / Global,High,Careers Page Available,,2026-07-21,Development consulting; health; digital. Review individual vacancy eligibility and deadline on the original listing.,Official employer careers,https://thepalladiumgroup.com/careers,Official employer careers,Africa / Global,Development consulting; health; digital,Yes,Job alerts,,Weekly,High,Egyptians may apply to international or eligible national roles,Some remote or regional roles,Apply on official employer careers page,6,Development Implementers,Direct careers page,Active
source-066,RTI International Careers,Development Implementers,Job Source,Africa / Global,Global,Africa / Global,Medium,Careers Page Available,,2026-07-21,Research; development; technology; health. Review individual vacancy eligibility and deadline on the original listing.,Official employer careers,https://www.rti.org/careers,Official employer careers,Africa / Global,Research; development; technology; health,Yes,Job alerts,,Weekly,Medium,Egyptians may apply to international or eligible national roles,Some remote or regional roles,Apply on official employer careers page,6,Development Implementers,Direct careers page,Active
source-067,Tetra Tech International Development Careers,Development Implementers,Job Source,Africa / Global,Global,Africa / Global,Medium,Careers Page Available,,2026-07-21,International development; infrastructure; digital. Review individual vacancy eligibility and deadline on the original listing.,Official employer careers,https://www.tetratech.com/en/careers,Official employer careers,Africa / Global,International development; infrastructure; digital,Yes,Job alerts,,Weekly,Medium,Egyptians may apply to international or eligible national roles,Some remote or regional roles,Apply on official employer careers page,6,Development Implementers,Direct careers page,Active
source-068,GIZ Jobs,Development Implementers,Job Source,Africa / Global,Global,Africa / Global,High,Careers Page Available,,2026-07-21,International cooperation; digital transformation; governance. Review individual vacancy eligibility and deadline on the original listing.,Official employer careers,https://www.giz.de/en/jobs.html,Official employer careers,Africa / Global,International cooperation; digital transformation; governance,Yes,Job alerts,,Weekly,High,Egyptians may apply to international or eligible national roles,Some remote or regional roles,Apply on official employer careers page,6,Development Implementers,Direct careers page,Active
source-069,Crown Agents Careers,Development Implementers,Job Source,Africa / Global,Global,Africa / Global,High,Careers Page Available,,2026-07-21,Public-sector transformation; health; supply chain. Review individual vacancy eligibility and deadline on the original listing.,Official employer careers,https://www.crownagents.com/careers/,Official employer careers,Africa / Global,Public-sector transformation; health; supply chain,Yes,Job alerts,,Weekly,High,Egyptians may apply to international or eligible national roles,Some remote or regional roles,Apply on official employer careers page,6,Development Implementers,Direct careers page,Active
source-070,Abt Global Careers,Development Implementers,Job Source,Africa / Global,Global,Africa / Global,Medium,Careers Page Available,,2026-07-21,Health; development; data; digital. Review individual vacancy eligibility and deadline on the original listing.,Official employer careers,https://www.abtglobal.com/careers,Official employer careers,Africa / Global,Health; development; data; digital,Yes,Job alerts,,Weekly,Medium,Egyptians may apply to international or eligible national roles,Some remote or regional roles,Apply on official employer careers page,6,Development Implementers,Direct careers page,Active
source-071,Cowater International Careers,Development Implementers,Job Source,Africa / Global,Global,Africa / Global,Medium,Careers Page Available,,2026-07-21,Development consulting; governance; infrastructure. Review individual vacancy eligibility and deadline on the original listing.,Official employer careers,https://www.cowater.com/en/careers/,Official employer careers,Africa / Global,Development consulting; governance; infrastructure,Yes,Job alerts,,Weekly,Medium,Egyptians may apply to international or eligible national roles,Some remote or regional roles,Apply on official employer careers page,6,Development Implementers,Direct careers page,Active
source-072,Oxford Policy Management Careers,Development Implementers,Job Source,Africa / Global,Global,Africa / Global,Medium,Careers Page Available,,2026-07-21,Policy consulting; development; data. Review individual vacancy eligibility and deadline on the original listing.,Official employer careers,https://www.opml.co.uk/work-with-us,Official employer careers,Africa / Global,Policy consulting; development; data,Yes,Job alerts,,Weekly,Medium,Egyptians may apply to international or eligible national roles,Some remote or regional roles,Apply on official employer careers page,6,Development Implementers,Direct careers page,Active
source-073,Save the Children Careers,Humanitarian Employers,Job Source,Africa / Global,Global,Africa / Global,High,Careers Page Available,,2026-07-21,Humanitarian; development; technology; programmes. Review individual vacancy eligibility and deadline on the original listing.,Official employer careers,https://jobs.savethechildren.org.uk/,Official employer careers,Africa / Global,Humanitarian; development; technology; programmes,Yes,Job alerts,,Weekly,High,Egyptians may apply to international or eligible national roles,Some remote or regional roles,Apply on official employer careers page,6,Humanitarian Employers,Direct careers page,Active
source-074,International Rescue Committee Careers,Humanitarian Employers,Job Source,Africa / Global,Global,Africa / Global,High,Careers Page Available,,2026-07-21,Humanitarian; refugee response; technology. Review individual vacancy eligibility and deadline on the original listing.,Official employer careers,https://careers.rescue.org/,Official employer careers,Africa / Global,Humanitarian; refugee response; technology,Yes,Job alerts,,Weekly,High,Egyptians may apply to international or eligible national roles,Some remote or regional roles,Apply on official employer careers page,6,Humanitarian Employers,Direct careers page,Active
source-075,World Vision Careers,Humanitarian Employers,Job Source,Africa / Global,Global,Africa / Global,High,Careers Page Available,,2026-07-21,Humanitarian; development; digital; health. Review individual vacancy eligibility and deadline on the original listing.,Official employer careers,https://www.wvi.org/careers,Official employer careers,Africa / Global,Humanitarian; development; digital; health,Yes,Job alerts,,Weekly,High,Egyptians may apply to international or eligible national roles,Some remote or regional roles,Apply on official employer careers page,6,Humanitarian Employers,Direct careers page,Active
source-076,CARE Careers,Humanitarian Employers,Job Source,Africa / Global,Global,Africa / Global,Medium,Careers Page Available,,2026-07-21,Humanitarian; development; programmes. Review individual vacancy eligibility and deadline on the original listing.,Official employer careers,https://www.care.org/careers/,Official employer careers,Africa / Global,Humanitarian; development; programmes,Yes,Job alerts,,Weekly,Medium,Egyptians may apply to international or eligible national roles,Some remote or regional roles,Apply on official employer careers page,6,Humanitarian Employers,Direct careers page,Active
source-077,Mercy Corps Careers,Humanitarian Employers,Job Source,Africa / Global,Global,Africa / Global,Medium,Careers Page Available,,2026-07-21,Humanitarian; development; technology. Review individual vacancy eligibility and deadline on the original listing.,Official employer careers,https://www.mercycorps.org/careers,Official employer careers,Africa / Global,Humanitarian; development; technology,Yes,Job alerts,,Weekly,Medium,Egyptians may apply to international or eligible national roles,Some remote or regional roles,Apply on official employer careers page,6,Humanitarian Employers,Direct careers page,Active
source-078,ICRC Careers,Humanitarian Organization,Job Source,Global,Global,Global,High,Careers Page Available,,2026-07-21,"Official International Committee of the Red Cross vacancies, including information technology, data management, healthcare, logistics and leadership roles.",Official humanitarian employer,https://careers.icrc.org/Current,Official humanitarian employer,Global,Humanitarian operations; IT; data; health; logistics; leadership,Yes,Job alerts,,Daily,High,International and national roles; check each vacancy,Mostly duty-station based,Apply through the official ICRC careers portal,6,Humanitarian Organizations,Direct careers page,Active
source-079,IFRC Careers,Humanitarian Network,Job Source,Global,Global,Global,High,Careers Page Available,,2026-07-21,"Official IFRC jobs, consultancies and internships across the Red Cross and Red Crescent network.",Official humanitarian employer,https://www.ifrc.org/get-involved/work-us,Official humanitarian employer,Global,Humanitarian operations; digital; programme management; consultancies,Yes,Portal alerts,,Daily,High,Externally advertised roles are open subject to vacancy conditions,Duty-station and selected consultancy roles,Apply through the official IFRC jobs portal,6,Humanitarian Organizations,Direct careers page,Active
source-080,Norwegian Refugee Council Careers,Humanitarian NGO,Job Source,Global / Africa / MENA,Global,40+ countries,High,Careers Page Available,,2026-07-21,Official NRC careers source for local and international humanitarian roles.,Official humanitarian employer,https://www.nrc.no/careers/,Official humanitarian employer,Africa; MENA; Global,Humanitarian programmes; ICT; information management; operations; leadership,Yes,Job alerts,,Daily,High,International and national roles; check nationality conditions,Mostly duty-station based,Apply through NRC NORCAP Careers,6,Humanitarian Organizations,Direct careers page,Active
source-081,NORCAP Expert Deployments,Humanitarian Expert Roster,Job Source,Global,Global,Global deployments,High,Careers Page Available,,2026-07-21,"Expert deployment and roster opportunities in humanitarian action, development, peacebuilding and crisis response.",Official humanitarian roster,https://www.nrc.no/expert-deployment/,Official humanitarian employer,Global,Expert deployments; digital; coordination; humanitarian response; peacebuilding,Yes,Roster and vacancy alerts,,Weekly,High,International expert opportunities; profile-specific,Deployment-based; some remote inputs may occur,Apply through official NRC/NORCAP systems,6,Humanitarian Rosters,Direct careers page,Active
source-082,Danish Refugee Council Careers,Humanitarian NGO,Job Source,Africa / MENA / Global,Global,30+ countries,High,Careers Page Available,,2026-07-21,"Official DRC vacancies with filters for Africa, IT, information management, senior management, programme management and contract type.",Official humanitarian employer,https://drc.ngo/en/jobs/,Official humanitarian employer,Africa; MENA; Global,IT; information management; senior management; humanitarian programmes; supply chain,Yes,Email alerts,,Daily,High,"National, expatriate and mixed eligibility shown per vacancy",Mostly duty-station based; roving/global roles available,Apply on the official DRC careers page,6,Humanitarian Organizations,Direct careers page,Active
source-083,Oxfam International Careers,Humanitarian & Development NGO,Job Source,Global,Global,70+ countries,High,Careers Page Available,,2026-07-21,"Oxfam International Secretariat and affiliate vacancies across humanitarian, development, campaigning and technology functions.",Official NGO careers,https://www.oxfam.org/en/take-action/jobs,Official humanitarian employer,Global,Development; humanitarian; technology transformation; operations; campaigns,Varies,Affiliate and portal alerts,,Daily,High,International and affiliate-specific roles,Role-specific; some hybrid and remote positions,Use the official Oxfam vacancy or affiliate application link,6,Humanitarian & Development NGOs,Direct careers page,Active
source-084,Oxfam in Africa Jobs,Africa Development NGO,Job Source,Africa,Africa,Africa,High,Careers Page Available,,2026-07-21,"Africa-focused Oxfam jobs, consultancies and service-provider opportunities across country offices.",Official Africa NGO careers,https://africa.oxfam.org/get-involved/jobs-oxfam,Official humanitarian employer,Africa,Africa development; humanitarian; policy; consultancies; technology,Varies,Website updates,,Daily,High,Africa and country-office roles; check each notice,Role-specific,Apply according to the official Oxfam Africa notice,6,Africa NGOs,Direct careers page,Active
source-085,Plan International Careers,Development & Humanitarian NGO,Job Source,Global / Africa / MENA,Global,Global,High,Careers Page Available,,2026-07-21,"Official Plan International vacancies, emergency roster and regional opportunities.",Official NGO careers,https://jobs.plan-international.org/,Official humanitarian employer,Africa; MENA; Global,Development; humanitarian response; digital; programme operations; leadership,Yes,Talent network and job alerts,,Daily,High,"International, regional and country roles; check vacancy",Some global and consultancy roles,Apply through the official Plan International portal,6,Humanitarian & Development NGOs,Direct careers page,Active
source-086,Médecins Sans Frontières Careers,Medical Humanitarian NGO,Job Source,Global / Africa / MENA,Global,Global,High,Careers Page Available,,2026-07-21,"MSF field and office roles across medical, logistics, IT, administration, finance and senior management.",Official medical humanitarian careers,https://www.msf.org/work-msf,Official humanitarian employer,Global,Medical humanitarian; IT; logistics; administration; health operations,Varies by recruiting office,Recruiting-office updates,,Weekly,High,Recruitment route depends on country of residence and role type,Mostly field or office based,Follow the official MSF recruiting-office route,6,Health & Humanitarian Organizations,Direct careers page,Active
source-087,International Medical Corps Careers,Medical Humanitarian NGO,Job Source,Global / Africa / MENA,Global,Global,High,Careers Page Available,,2026-07-21,"Official International Medical Corps openings for health, technology, operations, logistics and programme roles.",Official medical humanitarian careers,https://internationalmedicalcorps.org/work-with-us/,Official humanitarian employer,Africa; MENA; Global,Global health; humanitarian operations; IT; logistics; programme management,Yes,Careers portal alerts,,Daily,High,International and country-specific roles; check each opening,Mostly duty-station based,Apply through the official International Medical Corps careers portal,6,Health & Humanitarian Organizations,Direct careers page,Active
source-088,UNGM — Individual Consultants,United Nations Global Marketplace,Job / Opportunity Source,Global,Global,Global,High,Careers Page Available,,2026-07-21,Official UN procurement platform. Register as an Individual Consultant and search calls for individual consultants; this is not a staff-jobs portal.,Official opportunity source,https://www.ungm.org/Public/Notice,Official multilateral procurement,Global,Individual consultants; procurement; professional services,Yes,Saved searches / email,,Daily,High,Global consultant registration; notice-specific eligibility,Assignment-specific,Register and submit through the notice instructions,6,Consulting & Procurement,Official procurement opportunities,Active
source-089,UNGM — Implementing Partners,United Nations Global Marketplace,Job / Opportunity Source,Global,Global,Global,High,Careers Page Available,,2026-07-21,"Official registration route for non-profits, NGOs and academic institutions seeking calls for implementing partners.",Official opportunity source,https://www.ungm.org/Account/Registration/Index,Official multilateral procurement,Global,Implementing partners; NGOs; development and humanitarian delivery,Yes,Account notifications,,Weekly,Medium,Organizations and institutions; call-specific,Project-specific,Register as implementing partner and follow each call,6,Consulting & Procurement,Official registration and opportunity platform,Active
source-090,World Bank Group — WBGeProcure RFx Now,World Bank Group,Job / Opportunity Source,Global,Global,Global,High,Careers Page Available,,2026-07-21,Official operational consulting opportunities platform replacing eConsultant2 for relevant World Bank Group business opportunities.,Official opportunity source,https://wbgeprocure-rfxnow.worldbank.org/rfxnow/public/advertisement/list.html,Official development bank procurement,Global,EOIs; consulting firms; operational consulting; digital and sector advisory,Yes for EOI submission,Portal account,,Daily,High,Notice-specific; global vendor participation,Assignment-specific,Express interest through WBGeProcure RFx Now,6,Development Banks,Direct consulting advertisement portal,Active
source-091,African Development Bank — E-Consultant,African Development Bank Group,Job / Opportunity Source,Africa / Global,Global,Africa / Global,High,Careers Page Available,,2026-07-21,"Official database and entry point for individual consultants and consulting firms, with current expressions of interest.",Official opportunity source,https://www.afdb.org/en/projects-and-operations/procurement/consultancy-services-e-consultant,Official development bank procurement,Africa / Global,Individual consultants; consulting firms; EOIs; African development,Yes,Portal / notices,,Daily,High,Assignment-specific; many Africa-wide opportunities,Home-based and duty-station assignments,Register and apply through AfDB consultant instructions,6,Development Banks,Direct official consultancy portal,Active
source-092,UN Talent Pipeline,United Nations Secretariat,Job / Opportunity Source,Developing countries / UN job families,Global,Developing countries / UN job families,High,Careers Page Available,,2026-07-21,Capacity-building and talent-pipeline programme. Participation can improve readiness but does not guarantee employment.,Official opportunity source,https://careers.un.org/talentpipeline,Official multilateral careers,Developing countries / UN job families,Talent pipeline; professional job families; career readiness,Application required,Programme announcements,,Monthly,Medium,Check current country and pipeline eligibility,Virtual learning programme; not a job,Apply to one eligible pipeline through the official portal,6,Rosters & Talent Pools,Direct official talent pipeline,Active
source-093,United Nations Volunteers,UNV,Job / Opportunity Source,Global,Global,Global,High,Careers Page Available,,2026-07-21,"Official source for national, international and online UN Volunteer assignments. Conditions, allowances and residence rules vary by category.",Official opportunity source,https://www.unv.org/become-volunteer/,Official multilateral careers,Global,National UNV; international UNV; online volunteering; specialist assignments,Yes,Talent pool / portal,,Weekly,High,"National, international and online categories; assignment-specific",Online and duty-station assignments,Create a profile and apply through UNV systems,6,Volunteer Assignments,Direct official volunteer portal,Active
source-094,EEAS Vacancies,European External Action Service,Job / Opportunity Source,EU delegations / Global,Global,EU delegations / Global,High,Careers Page Available,,2026-07-21,"Official vacancies including local agents, contract agents, temporary positions, traineeships, delegation roles, secondments and CSDP missions.",Official opportunity source,https://www.eeas.europa.eu/eeas/vacancies_en,Official regional institution,EU delegations / Global,Secondments; EU delegations; CSDP; local and contract agents; IT,Varies,Vacancy portal,,Weekly,Medium,Local-agent roles may be country-specific; secondments may require nomination,Mostly duty-station roles,Follow the vacancy notice and nationality / nomination rules,6,EU & Secondments,Direct official vacancies page,Active
source-095,EURAXESS Africa,European Commission Research Network,Job / Opportunity Source,Africa / Europe / Global,Global,Africa / Europe / Global,High,Careers Page Available,,2026-07-21,"Official Africa gateway to research jobs, funding, mobility and EU–Africa innovation collaboration.",Official opportunity source,https://euraxess.ec.europa.eu/worldwide/africa,Official regional institution,Africa / Europe / Global,Research jobs; funding; digital transformation; innovation; academic mobility,Optional,Portal alerts / newsletter,,Weekly,Medium,Opportunity-specific; Africa and EU mobility programmes,Research and mobility conditions vary,Apply through the linked official opportunity,6,Research & Innovation,Official research and funding gateway,Active
