id,title,subtitle,type,region,country,location,fit,status,posted,checked,notes,source,url
1,LinkedIn Jobs,Global professional network and job search,Global Job Board,Remote / Global,Global,,Medium,Monitoring,,2026-07-20,"Official platform entry point. Use platform filters and verify posting date, employer identity, location eligibility and application route.",Official platform,https://www.linkedin.com/jobs/
2,Indeed,Global job search and matching platform,Global Job Board,Remote / Global,60+ countries,,Medium,Monitoring,,2026-07-20,"Official platform entry point. Use platform filters and verify posting date, employer identity, location eligibility and application route.",Official platform,https://www.indeed.com/
3,Glassdoor,"Jobs, company reviews and salary research",Global Job Board,Remote / Global,Global,,Medium,Monitoring,,2026-07-20,"Official platform entry point. Use platform filters and verify posting date, employer identity, location eligibility and application route.",Official platform,https://www.glassdoor.com/
5,Jooble,International job aggregator,Global Job Board,Remote / Global,66 countries,,Medium,Monitoring,,2026-07-20,"Official platform entry point. Use platform filters and verify posting date, employer identity, location eligibility and application route.",Official platform,https://jooble.org/
6,Careerjet,International job search engine,Global Job Board,Remote / Global,130+ countries,,Medium,Monitoring,,2026-07-20,"Official platform entry point. Use platform filters and verify posting date, employer identity, location eligibility and application route.",Official platform,https://www.careerjet.com/
7,Talent.com,Global job search platform,Global Job Board,Remote / Global,77 countries,,Medium,Monitoring,,2026-07-20,"Official platform entry point. Use platform filters and verify posting date, employer identity, location eligibility and application route.",Official platform,https://www.talent.com/
8,Adzuna,Global job search engine and labour-market data,Global Job Board,Remote / Global,Multiple countries,,Medium,Monitoring,,2026-07-20,"Official platform entry point. Use platform filters and verify posting date, employer identity, location eligibility and application route.",Official platform,https://www.adzuna.com/
9,Jobrapido,International job search engine,Global Job Board,Remote / Global,Global,,Medium,Monitoring,,2026-07-20,"Official platform entry point. Use platform filters and verify posting date, employer identity, location eligibility and application route.",Official platform,https://www.jobrapido.com/
10,Jobsora,International job search platform,Global Job Board,Remote / Global,Multiple countries,,Medium,Monitoring,,2026-07-20,"Official platform entry point. Use platform filters and verify posting date, employer identity, location eligibility and application route.",Official platform,https://jobsora.com/
11,Monster,General job board,Global Job Board,Remote / Global,Global / selected markets,,Medium,Monitoring,,2026-07-20,"Official platform entry point. Use platform filters and verify posting date, employer identity, location eligibility and application route.",Official platform,https://www.monster.com/
12,ZipRecruiter,Job marketplace and matching platform,Global Job Board,Remote / Global,Selected countries,,Medium,Monitoring,,2026-07-20,"Official platform entry point. Use platform filters and verify posting date, employer identity, location eligibility and application route.",Official platform,https://www.ziprecruiter.com/
13,SimplyHired,General job search engine,Global Job Board,Remote / Global,Multiple countries,,Medium,Monitoring,,2026-07-20,"Official platform entry point. Use platform filters and verify posting date, employer identity, location eligibility and application route.",Official platform,https://www.simplyhired.com/
14,Jora,International job search engine,Global Job Board,Remote / Global,Multiple countries,,Medium,Monitoring,,2026-07-20,"Official platform entry point. Use platform filters and verify posting date, employer identity, location eligibility and application route.",Official platform,https://www.jora.com/
15,WhatJobs,International job search platform,Global Job Board,Remote / Global,Multiple countries,,Medium,Monitoring,,2026-07-20,"Official platform entry point. Use platform filters and verify posting date, employer identity, location eligibility and application route.",Official platform,https://www.whatjobs.com/
16,GrabJobs,International jobs and recruitment platform,Global Job Board,Remote / Global,Multiple countries,,Medium,Monitoring,,2026-07-20,"Official platform entry point. Use platform filters and verify posting date, employer identity, location eligibility and application route.",Official platform,https://grabjobs.co/
17,JobisJob,International job aggregator,Global Job Board,Remote / Global,Multiple countries,,Medium,Monitoring,,2026-07-20,"Official platform entry point. Use platform filters and verify posting date, employer identity, location eligibility and application route.",Official platform,https://www.jobisjob.com/
18,Lensa,Job matching platform,Global Job Board,Remote / Global,Global / US-heavy,,Medium,Monitoring,,2026-07-20,"Official platform entry point. Use platform filters and verify posting date, employer identity, location eligibility and application route.",Official platform,https://lensa.com/
19,The Muse,Jobs and company profiles,Global Job Board,Remote / Global,Global / US-heavy,,Medium,Monitoring,,2026-07-20,"Official platform entry point. Use platform filters and verify posting date, employer identity, location eligibility and application route.",Official platform,https://www.themuse.com/search/jobs
20,Workable Jobs,Jobs hosted by Workable employers,Global Job Board,Remote / Global,Global,,Medium,Monitoring,,2026-07-20,"Official platform entry point. Use platform filters and verify posting date, employer identity, location eligibility and application route.",Official platform,https://jobs.workable.com/
21,SmartRecruiters Jobs,Employer job listings on SmartRecruiters,Global Job Board,Remote / Global,Global,,Medium,Monitoring,,2026-07-20,"Official platform entry point. Use platform filters and verify posting date, employer identity, location eligibility and application route.",Official platform,https://jobs.smartrecruiters.com/
22,Greenhouse Job Boards,Employer job listings on Greenhouse,Global Job Board,Remote / Global,Global,,Medium,Monitoring,,2026-07-20,"Official platform entry point. Use platform filters and verify posting date, employer identity, location eligibility and application route.",Official platform,https://www.greenhouse.com/job-board
23,Lever Jobs,Employer job listings on Lever,Global Job Board,Remote / Global,Global,,Medium,Monitoring,,2026-07-20,"Official platform entry point. Use platform filters and verify posting date, employer identity, location eligibility and application route.",Official platform,https://jobs.lever.co/
24,Ashby Jobs,Employer job listings on Ashby,Global Job Board,Remote / Global,Global,,Medium,Monitoring,,2026-07-20,"Official platform entry point. Use platform filters and verify posting date, employer identity, location eligibility and application route.",Official platform,https://jobs.ashbyhq.com/
25,Breezy HR Jobs,Employer listings hosted by Breezy HR,Global Job Board,Remote / Global,Global,,Medium,Monitoring,,2026-07-20,"Official platform entry point. Use platform filters and verify posting date, employer identity, location eligibility and application route.",Official platform,https://breezy.hr/
26,Bayt,Middle East and North Africa job site,MENA & GCC Job Board,Remote / Global,MENA,,High,Monitoring,,2026-07-20,"Official platform entry point. Use platform filters and verify posting date, employer identity, location eligibility and application route.",Official platform,https://www.bayt.com/en/international/jobs/
27,GulfTalent,Middle East professional recruitment portal,MENA & GCC Job Board,Remote / Global,Middle East,,High,Monitoring,,2026-07-20,"Official platform entry point. Use platform filters and verify posting date, employer identity, location eligibility and application route.",Official platform,https://www.gulftalent.com/jobs
28,Naukrigulf,Gulf and Middle East job portal,MENA & GCC Job Board,Remote / Global,GCC / Middle East,,High,Monitoring,,2026-07-20,"Official platform entry point. Use platform filters and verify posting date, employer identity, location eligibility and application route.",Official platform,https://www.naukrigulf.com/
29,WUZZUF,Egypt professional job platform,MENA & GCC Job Board,Egypt,Egypt,,High,Monitoring,,2026-07-20,"Official platform entry point. Use platform filters and verify posting date, employer identity, location eligibility and application route.",Official platform,https://wuzzuf.net/jobs/egypt
30,Forasna,Egypt employment platform,MENA & GCC Job Board,Egypt,Egypt,,High,Monitoring,,2026-07-20,"Official platform entry point. Use platform filters and verify posting date, employer identity, location eligibility and application route.",Official platform,https://forasna.com/
31,Akhtaboot,Middle East career network,MENA & GCC Job Board,Remote / Global,Jordan / Middle East,,High,Monitoring,,2026-07-20,"Official platform entry point. Use platform filters and verify posting date, employer identity, location eligibility and application route.",Official platform,https://jobs.akhtaboot.com/
32,Tanqeeb,Arab-region job search platform,MENA & GCC Job Board,Remote / Global,Arab region,,High,Monitoring,,2026-07-20,"Official platform entry point. Use platform filters and verify posting date, employer identity, location eligibility and application route.",Official platform,https://tanqeeb.com/
33,Mihnati,Saudi and Gulf job portal,MENA & GCC Job Board,Remote / Global,Saudi Arabia / GCC,,High,Monitoring,,2026-07-20,"Official platform entry point. Use platform filters and verify posting date, employer identity, location eligibility and application route.",Official platform,https://www.mihnati.com/
34,Laimoon,Jobs and courses platform,MENA & GCC Job Board,Remote / Global,GCC / Middle East,,High,Monitoring,,2026-07-20,"Official platform entry point. Use platform filters and verify posting date, employer identity, location eligibility and application route.",Official platform,https://jobs.laimoon.com/
35,Drjobs,Middle East job platform,MENA & GCC Job Board,Remote / Global,GCC / MENA,,High,Monitoring,,2026-07-20,"Official platform entry point. Use platform filters and verify posting date, employer identity, location eligibility and application route.",Official platform,https://drjobs.ae/
36,Jobzella,Egypt and Arab professional platform,MENA & GCC Job Board,Remote / Global,Egypt / Arab region,,High,Monitoring,,2026-07-20,"Official platform entry point. Use platform filters and verify posting date, employer identity, location eligibility and application route.",Official platform,https://www.jobzella.com/
37,Dubizzle Jobs,UAE classifieds and jobs,MENA & GCC Job Board,GCC,United Arab Emirates,,High,Monitoring,,2026-07-20,"Official platform entry point. Use platform filters and verify posting date, employer identity, location eligibility and application route.",Official platform,https://dubai.dubizzle.com/jobs/
38,OpenSooq Jobs,Regional classifieds and jobs,MENA & GCC Job Board,Remote / Global,Arab region,,High,Monitoring,,2026-07-20,"Official platform entry point. Use platform filters and verify posting date, employer identity, location eligibility and application route.",Official platform,https://www.opensooq.com/en/jobs/job-vacancies
39,Qatar Living Jobs,Qatar jobs and classifieds,MENA & GCC Job Board,GCC,Qatar,,High,Monitoring,,2026-07-20,"Official platform entry point. Use platform filters and verify posting date, employer identity, location eligibility and application route.",Official platform,https://www.qatarliving.com/jobs
40,Expatriates Jobs,Jobs and classifieds for expatriates,MENA & GCC Job Board,Remote / Global,GCC / international,,High,Monitoring,,2026-07-20,"Official platform entry point. Use platform filters and verify posting date, employer identity, location eligibility and application route.",Official platform,https://www.expatriates.com/classifieds/jobs/
41,Gulf News Jobs,Jobs associated with Gulf News,MENA & GCC Job Board,Remote / Global,UAE / GCC,,High,Monitoring,,2026-07-20,"Official platform entry point. Use platform filters and verify posting date, employer identity, location eligibility and application route.",Official platform,https://jobs.gulfnews.com/
42,Khaleej Times Jobs,UAE jobs and classifieds,MENA & GCC Job Board,GCC,United Arab Emirates,,High,Monitoring,,2026-07-20,"Official platform entry point. Use platform filters and verify posting date, employer identity, location eligibility and application route.",Official platform,https://www.khaleejtimes.com/jobs
43,Oliv,Early-career and internship platform,MENA & GCC Job Board,Remote / Global,UAE / GCC,,High,Monitoring,,2026-07-20,"Official platform entry point. Use platform filters and verify posting date, employer identity, location eligibility and application route.",Official platform,https://oliv.com/
44,ArabJobs,Arab-region jobs platform,MENA & GCC Job Board,Remote / Global,Arab region,,High,Monitoring,,2026-07-20,"Official platform entry point. Use platform filters and verify posting date, employer identity, location eligibility and application route.",Official platform,https://www.arabjobs.com/
45,STJ Egypt,Egypt jobs and training listings,MENA & GCC Job Board,Egypt,Egypt,,High,Monitoring,,2026-07-20,"Official platform entry point. Use platform filters and verify posting date, employer identity, location eligibility and application route.",Official platform,https://www.stjegypt.com/
46,BrighterMonday Kenya,Kenya job marketplace,Africa Job Board,Africa,Kenya,,Medium,Monitoring,,2026-07-20,"Official platform entry point. Use platform filters and verify posting date, employer identity, location eligibility and application route.",Official platform,https://www.brightermonday.co.ke/jobs
47,BrighterMonday Uganda,Uganda job marketplace,Africa Job Board,Africa,Uganda,,Medium,Monitoring,,2026-07-20,"Official platform entry point. Use platform filters and verify posting date, employer identity, location eligibility and application route.",Official platform,https://www.brightermonday.co.ug/jobs
48,BrighterMonday Tanzania,Tanzania job marketplace,Africa Job Board,Africa,Tanzania,,Medium,Monitoring,,2026-07-20,"Official platform entry point. Use platform filters and verify posting date, employer identity, location eligibility and application route.",Official platform,https://www.brightermonday.co.tz/jobs
49,Jobberman Nigeria,Nigeria job marketplace,Africa Job Board,Africa,Nigeria,,Medium,Monitoring,,2026-07-20,"Official platform entry point. Use platform filters and verify posting date, employer identity, location eligibility and application route.",Official platform,https://www.jobberman.com/jobs
50,Jobberman Ghana,Ghana job marketplace,Africa Job Board,Africa,Ghana,,Medium,Monitoring,,2026-07-20,"Official platform entry point. Use platform filters and verify posting date, employer identity, location eligibility and application route.",Official platform,https://www.jobberman.com.gh/jobs
51,Careers24,South Africa job portal,Africa Job Board,Africa,South Africa,,Medium,Monitoring,,2026-07-20,"Official platform entry point. Use platform filters and verify posting date, employer identity, location eligibility and application route.",Official platform,https://www.careers24.com/jobs
52,PNet,South Africa professional jobs,Africa Job Board,Africa,South Africa,,Medium,Monitoring,,2026-07-20,"Official platform entry point. Use platform filters and verify posting date, employer identity, location eligibility and application route.",Official platform,https://www.pnet.co.za/jobs
53,CareerJunction,South Africa job platform,Africa Job Board,Africa,South Africa,,Medium,Monitoring,,2026-07-20,"Official platform entry point. Use platform filters and verify posting date, employer identity, location eligibility and application route.",Official platform,https://www.careerjunction.co.za/jobs
54,MyJobMag Nigeria,Nigeria job listings,Africa Job Board,Africa,Nigeria,,Medium,Monitoring,,2026-07-20,"Official platform entry point. Use platform filters and verify posting date, employer identity, location eligibility and application route.",Official platform,https://www.myjobmag.com/
55,MyJobMag Kenya,Kenya job listings,Africa Job Board,Africa,Kenya,,Medium,Monitoring,,2026-07-20,"Official platform entry point. Use platform filters and verify posting date, employer identity, location eligibility and application route.",Official platform,https://www.myjobmag.co.ke/
56,MyJobMag Ghana,Ghana job listings,Africa Job Board,Africa,Ghana,,Medium,Monitoring,,2026-07-20,"Official platform entry point. Use platform filters and verify posting date, employer identity, location eligibility and application route.",Official platform,https://www.myjobmag.com.gh/
57,MyJobMag South Africa,South Africa job listings,Africa Job Board,Africa,South Africa,,Medium,Monitoring,,2026-07-20,"Official platform entry point. Use platform filters and verify posting date, employer identity, location eligibility and application route.",Official platform,https://www.myjobmag.co.za/
58,Fuzu,East Africa careers and jobs platform,Africa Job Board,Remote / Global,Kenya / Uganda,,Medium,Monitoring,,2026-07-20,"Official platform entry point. Use platform filters and verify posting date, employer identity, location eligibility and application route.",Official platform,https://www.fuzu.com/
59,AfricaWork,Pan-African recruitment platform,Africa Job Board,Africa,Africa,,Medium,Monitoring,,2026-07-20,"Official platform entry point. Use platform filters and verify posting date, employer identity, location eligibility and application route.",Official platform,https://www.africawork.com/
60,Job in Rwanda,Rwanda job portal,Africa Job Board,Africa,Rwanda,,Medium,Monitoring,,2026-07-20,"Official platform entry point. Use platform filters and verify posting date, employer identity, location eligibility and application route.",Official platform,https://www.jobinrwanda.com/
61,Great Uganda Jobs,Uganda vacancy portal,Africa Job Board,Africa,Uganda,,Medium,Monitoring,,2026-07-20,"Official platform entry point. Use platform filters and verify posting date, employer identity, location eligibility and application route.",Official platform,https://www.greatugandajobs.com/
62,Great Tanzania Jobs,Tanzania vacancy portal,Africa Job Board,Africa,Tanzania,,Medium,Monitoring,,2026-07-20,"Official platform entry point. Use platform filters and verify posting date, employer identity, location eligibility and application route.",Official platform,https://www.greattanzaniajobs.com/
63,Great Zambia Jobs,Zambia vacancy portal,Africa Job Board,Africa,Zambia,,Medium,Monitoring,,2026-07-20,"Official platform entry point. Use platform filters and verify posting date, employer identity, location eligibility and application route.",Official platform,https://www.greatzambiajobs.com/
64,Ethiojobs,Ethiopia job portal,Africa Job Board,Africa,Ethiopia,,Medium,Monitoring,,2026-07-20,"Official platform entry point. Use platform filters and verify posting date, employer identity, location eligibility and application route.",Official platform,https://www.ethiojobs.net/
65,GeezJobs,Ethiopia and regional jobs,Africa Job Board,Africa,Ethiopia,,Medium,Monitoring,,2026-07-20,"Official platform entry point. Use platform filters and verify posting date, employer identity, location eligibility and application route.",Official platform,https://www.geezjobs.com/
66,Jobartis Angola,Angola job portal,Africa Job Board,Africa,Angola,,Medium,Monitoring,,2026-07-20,"Official platform entry point. Use platform filters and verify posting date, employer identity, location eligibility and application route.",Official platform,https://www.jobartis.com/
67,JobnetAfrica,Africa professional jobs,Africa Job Board,Africa,Africa,,Medium,Monitoring,,2026-07-20,"Official platform entry point. Use platform filters and verify posting date, employer identity, location eligibility and application route.",Official platform,https://www.jobnetafrica.com/
68,CareerPoint Kenya,Kenya careers and jobs,Africa Job Board,Africa,Kenya,,Medium,Monitoring,,2026-07-20,"Official platform entry point. Use platform filters and verify posting date, employer identity, location eligibility and application route.",Official platform,https://www.careerpointkenya.co.ke/
69,Corporate Staffing Services,Kenya recruitment and jobs,Africa Job Board,Africa,Kenya,,Medium,Monitoring,,2026-07-20,"Official platform entry point. Use platform filters and verify posting date, employer identity, location eligibility and application route.",Official platform,https://www.corporatestaffing.co.ke/jobs/
70,KenyaMoja Jobs,Kenya aggregated jobs,Africa Job Board,Africa,Kenya,,Medium,Monitoring,,2026-07-20,"Official platform entry point. Use platform filters and verify posting date, employer identity, location eligibility and application route.",Official platform,https://www.kenyamoja.com/jobs
71,JobWeb Ghana,Ghana job listings,Africa Job Board,Africa,Ghana,,Medium,Monitoring,,2026-07-20,"Official platform entry point. Use platform filters and verify posting date, employer identity, location eligibility and application route.",Official platform,https://jobwebghana.com/
72,JobSearch Ghana,Ghana jobs platform,Africa Job Board,Africa,Ghana,,Medium,Monitoring,,2026-07-20,"Official platform entry point. Use platform filters and verify posting date, employer identity, location eligibility and application route.",Official platform,https://www.jobsearchgh.com/
73,Job Mail,South Africa job portal,Africa Job Board,Africa,South Africa,,Medium,Monitoring,,2026-07-20,"Official platform entry point. Use platform filters and verify posting date, employer identity, location eligibility and application route.",Official platform,https://www.jobmail.co.za/
74,Bizcommunity Jobs,South Africa industry jobs,Africa Job Board,Africa,South Africa,,Medium,Monitoring,,2026-07-20,"Official platform entry point. Use platform filters and verify posting date, employer identity, location eligibility and application route.",Official platform,https://www.bizcommunity.com/JobsOffered/196/11.html
75,OfferZen,African technology talent marketplace,Africa Job Board,Africa,South Africa / Africa,,Medium,Monitoring,,2026-07-20,"Official platform entry point. Use platform filters and verify posting date, employer identity, location eligibility and application route.",Official platform,https://www.offerzen.com/
76,Executive Placements,South Africa senior jobs,Africa Job Board,Africa,South Africa,,Medium,Monitoring,,2026-07-20,"Official platform entry point. Use platform filters and verify posting date, employer identity, location eligibility and application route.",Official platform,https://www.executiveplacements.com/
77,Remote OK,Remote technology and global jobs,Remote Job Board,Remote / Global,Remote / Global,,High,Monitoring,,2026-07-20,"Official platform entry point. Use platform filters and verify posting date, employer identity, location eligibility and application route.",Official platform,https://remoteok.com/
78,We Work Remotely,Large remote-work job board,Remote Job Board,Remote / Global,Remote / Global,,High,Monitoring,,2026-07-20,"Official platform entry point. Use platform filters and verify posting date, employer identity, location eligibility and application route.",Official platform,https://weworkremotely.com/
79,Remotive,Curated remote job board,Remote Job Board,Remote / Global,Remote / Global,,High,Monitoring,,2026-07-20,"Official platform entry point. Use platform filters and verify posting date, employer identity, location eligibility and application route.",Official platform,https://remotive.com/remote-jobs
80,Remote.co,Remote jobs and company resources,Remote Job Board,Remote / Global,Remote / Global,,High,Monitoring,,2026-07-20,"Official platform entry point. Use platform filters and verify posting date, employer identity, location eligibility and application route.",Official platform,https://remote.co/remote-jobs/
81,FlexJobs,"Screened remote, hybrid and flexible jobs",Remote Job Board,Remote / Global,Remote / Global,,High,Monitoring,,2026-07-20,"Official platform entry point. Use platform filters and verify posting date, employer identity, location eligibility and application route.",Official platform,https://www.flexjobs.com/
82,Working Nomads,Curated remote jobs,Remote Job Board,Remote / Global,Remote / Global,,High,Monitoring,,2026-07-20,"Official platform entry point. Use platform filters and verify posting date, employer identity, location eligibility and application route.",Official platform,https://www.workingnomads.com/jobs
83,Jobspresso,Curated remote jobs,Remote Job Board,Remote / Global,Remote / Global,,High,Monitoring,,2026-07-20,"Official platform entry point. Use platform filters and verify posting date, employer identity, location eligibility and application route.",Official platform,https://jobspresso.co/remote-work/
84,JustRemote,Remote jobs platform,Remote Job Board,Remote / Global,Remote / Global,,High,Monitoring,,2026-07-20,"Official platform entry point. Use platform filters and verify posting date, employer identity, location eligibility and application route.",Official platform,https://justremote.co/
85,Himalayas,Remote jobs and company profiles,Remote Job Board,Remote / Global,Remote / Global,,High,Monitoring,,2026-07-20,"Official platform entry point. Use platform filters and verify posting date, employer identity, location eligibility and application route.",Official platform,https://himalayas.app/jobs
86,Jobgether,Remote and flexible job marketplace,Remote Job Board,Remote / Global,Remote / Global,,High,Monitoring,,2026-07-20,"Official platform entry point. Use platform filters and verify posting date, employer identity, location eligibility and application route.",Official platform,https://jobgether.com/remote-jobs
87,DailyRemote,Remote job search platform,Remote Job Board,Remote / Global,Remote / Global,,High,Monitoring,,2026-07-20,"Official platform entry point. Use platform filters and verify posting date, employer identity, location eligibility and application route.",Official platform,https://dailyremote.com/
88,Remote4Me,Remote jobs aggregator,Remote Job Board,Remote / Global,Remote / Global,,High,Monitoring,,2026-07-20,"Official platform entry point. Use platform filters and verify posting date, employer identity, location eligibility and application route.",Official platform,https://remote4me.com/
89,NoDesk,Remote jobs and remote-work resources,Remote Job Board,Remote / Global,Remote / Global,,High,Monitoring,,2026-07-20,"Official platform entry point. Use platform filters and verify posting date, employer identity, location eligibility and application route.",Official platform,https://nodesk.co/remote-jobs/
90,SkipTheDrive,Remote and work-from-home jobs,Remote Job Board,Remote / Global,Remote / Global,,High,Monitoring,,2026-07-20,"Official platform entry point. Use platform filters and verify posting date, employer identity, location eligibility and application route.",Official platform,https://www.skipthedrive.com/
91,Virtual Vocations,Remote jobs database,Remote Job Board,Remote / Global,Remote / Global,,High,Monitoring,,2026-07-20,"Official platform entry point. Use platform filters and verify posting date, employer identity, location eligibility and application route.",Official platform,https://www.virtualvocations.com/
92,Dynamite Jobs,Remote jobs platform,Remote Job Board,Remote / Global,Remote / Global,,High,Monitoring,,2026-07-20,"Official platform entry point. Use platform filters and verify posting date, employer identity, location eligibility and application route.",Official platform,https://dynamitejobs.com/
93,Pangian,Remote jobs and community,Remote Job Board,Remote / Global,Remote / Global,,High,Monitoring,,2026-07-20,"Official platform entry point. Use platform filters and verify posting date, employer identity, location eligibility and application route.",Official platform,https://pangian.com/
94,Crossover,Global remote full-time roles,Remote Job Board,Remote / Global,Remote / Global,,High,Monitoring,,2026-07-20,"Official platform entry point. Use platform filters and verify posting date, employer identity, location eligibility and application route.",Official platform,https://www.crossover.com/jobs
95,Turing,Remote technology opportunities,Remote Job Board,Remote / Global,Remote / Global,,High,Monitoring,,2026-07-20,"Official platform entry point. Use platform filters and verify posting date, employer identity, location eligibility and application route.",Official platform,https://www.turing.com/jobs
96,Arc,Remote developer and technology jobs,Remote Job Board,Remote / Global,Remote / Global,,High,Monitoring,,2026-07-20,"Official platform entry point. Use platform filters and verify posting date, employer identity, location eligibility and application route.",Official platform,https://arc.dev/remote-jobs
97,Gun.io,Remote technology talent network,Remote Job Board,Remote / Global,Remote / Global,,High,Monitoring,,2026-07-20,"Official platform entry point. Use platform filters and verify posting date, employer identity, location eligibility and application route.",Official platform,https://gun.io/
98,Lemon.io,Remote developer talent marketplace,Remote Job Board,Remote / Global,Remote / Global,,High,Monitoring,,2026-07-20,"Official platform entry point. Use platform filters and verify posting date, employer identity, location eligibility and application route.",Official platform,https://lemon.io/
99,Remote Rocketship,Remote job search database,Remote Job Board,Remote / Global,Remote / Global,,High,Monitoring,,2026-07-20,"Official platform entry point. Use platform filters and verify posting date, employer identity, location eligibility and application route.",Official platform,https://www.remoterocketship.com/
100,Europe Remotely,Remote roles for European time zones,Remote Job Board,Remote / Global,Europe / Remote,,High,Monitoring,,2026-07-20,"Official platform entry point. Use platform filters and verify posting date, employer identity, location eligibility and application route.",Official platform,https://europeremotely.com/
101,RemoteHub,Remote jobs and professional network,Remote Job Board,Remote / Global,Remote / Global,,High,Monitoring,,2026-07-20,"Official platform entry point. Use platform filters and verify posting date, employer identity, location eligibility and application route.",Official platform,https://www.remotehub.com/jobs
102,Jobicy,Remote job board,Remote Job Board,Remote / Global,Remote / Global,,High,Monitoring,,2026-07-20,"Official platform entry point. Use platform filters and verify posting date, employer identity, location eligibility and application route.",Official platform,https://jobicy.com/
103,RemoteJobs.com,Remote job marketplace,Remote Job Board,Remote / Global,Remote / Global,,High,Monitoring,,2026-07-20,"Official platform entry point. Use platform filters and verify posting date, employer identity, location eligibility and application route.",Official platform,https://www.remotejobs.com/
104,Remote.com Jobs,Remote-first company job listings,Remote Job Board,Remote / Global,Remote / Global,,High,Monitoring,,2026-07-20,"Official platform entry point. Use platform filters and verify posting date, employer identity, location eligibility and application route.",Official platform,https://remote.com/jobs
105,Workew,Remote job board,Remote Job Board,Remote / Global,Remote / Global,,High,Monitoring,,2026-07-20,"Official platform entry point. Use platform filters and verify posting date, employer identity, location eligibility and application route.",Official platform,https://workew.com/
106,Remote Leaf,Curated remote technology jobs,Remote Job Board,Remote / Global,Remote / Global,,High,Monitoring,,2026-07-20,"Official platform entry point. Use platform filters and verify posting date, employer identity, location eligibility and application route.",Official platform,https://remoteleaf.com/
107,Devex Jobs,Global development jobs,Development & NGO Jobs,Remote / Global,Global development,,High,Monitoring,,2026-07-20,"Official platform entry point. Use platform filters and verify posting date, employer identity, location eligibility and application route.",Official platform,https://www.devex.com/jobs
108,ReliefWeb Jobs,Humanitarian and relief jobs,Development & NGO Jobs,Remote / Global,Global humanitarian,,High,Monitoring,,2026-07-20,"Official platform entry point. Use platform filters and verify posting date, employer identity, location eligibility and application route.",Official platform,https://reliefweb.int/jobs
109,Impactpool,Mission-driven and international organization jobs,Development & NGO Jobs,Remote / Global,Global development,,High,Monitoring,,2026-07-20,"Official platform entry point. Use platform filters and verify posting date, employer identity, location eligibility and application route.",Official platform,https://career.impactpool.org/vacancies?all=true
110,UN Careers,United Nations vacancies,Development & NGO Jobs,Remote / Global,Global,,High,Monitoring,,2026-07-20,"Official platform entry point. Use platform filters and verify posting date, employer identity, location eligibility and application route.",Official platform,https://careers.un.org/
111,UNjobs,UN and international organization listings,Development & NGO Jobs,Remote / Global,Global,,High,Monitoring,,2026-07-20,"Official platform entry point. Use platform filters and verify posting date, employer identity, location eligibility and application route.",Official platform,https://unjobs.org/
112,UN Talent,UN vacancies and talent resources,Development & NGO Jobs,Remote / Global,Global,,High,Monitoring,,2026-07-20,"Official platform entry point. Use platform filters and verify posting date, employer identity, location eligibility and application route.",Official platform,https://untalent.org/jobs
113,UNDP Jobs,UNDP careers,Development & NGO Jobs,Remote / Global,Global,,High,Monitoring,,2026-07-20,"Official platform entry point. Use platform filters and verify posting date, employer identity, location eligibility and application route.",Official platform,https://jobs.undp.org/
114,UNICEF Careers,UNICEF vacancies,Development & NGO Jobs,Remote / Global,Global,,High,Monitoring,,2026-07-20,"Official platform entry point. Use platform filters and verify posting date, employer identity, location eligibility and application route.",Official platform,https://jobs.unicef.org/
115,WHO Careers,World Health Organization careers,Development & NGO Jobs,Remote / Global,Global,,High,Monitoring,,2026-07-20,"Official platform entry point. Use platform filters and verify posting date, employer identity, location eligibility and application route.",Official platform,https://careers.who.int/
116,IOM Careers,International Organization for Migration careers,Development & NGO Jobs,Remote / Global,Global,,High,Monitoring,,2026-07-20,"Official platform entry point. Use platform filters and verify posting date, employer identity, location eligibility and application route.",Official platform,https://www.iom.int/careers
117,UNOPS Jobs,UNOPS careers,Development & NGO Jobs,Remote / Global,Global,,High,Monitoring,,2026-07-20,"Official platform entry point. Use platform filters and verify posting date, employer identity, location eligibility and application route.",Official platform,https://jobs.unops.org/
118,WFP Careers,World Food Programme careers,Development & NGO Jobs,Remote / Global,Global,,High,Monitoring,,2026-07-20,"Official platform entry point. Use platform filters and verify posting date, employer identity, location eligibility and application route.",Official platform,https://www.wfp.org/careers
119,FAO Careers,Food and Agriculture Organization careers,Development & NGO Jobs,Remote / Global,Global,,High,Monitoring,,2026-07-20,"Official platform entry point. Use platform filters and verify posting date, employer identity, location eligibility and application route.",Official platform,https://www.fao.org/employment/home/en/
120,ILO Jobs,International Labour Organization careers,Development & NGO Jobs,Remote / Global,Global,,High,Monitoring,,2026-07-20,"Official platform entry point. Use platform filters and verify posting date, employer identity, location eligibility and application route.",Official platform,https://jobs.ilo.org/
121,World Bank Careers,World Bank Group careers,Development & NGO Jobs,Remote / Global,Global,,High,Monitoring,,2026-07-20,"Official platform entry point. Use platform filters and verify posting date, employer identity, location eligibility and application route.",Official platform,https://www.worldbank.org/en/about/careers
122,IFC Careers,International Finance Corporation careers,Development & NGO Jobs,Remote / Global,Global,,High,Monitoring,,2026-07-20,"Official platform entry point. Use platform filters and verify posting date, employer identity, location eligibility and application route.",Official platform,https://www.ifc.org/en/about/careers
123,African Development Bank Careers,AfDB careers,Development & NGO Jobs,Africa,Africa,,High,Monitoring,,2026-07-20,"Official platform entry point. Use platform filters and verify posting date, employer identity, location eligibility and application route.",Official platform,https://www.afdb.org/en/about-us/careers
124,Islamic Development Bank Careers,IsDB careers,Development & NGO Jobs,Remote / Global,Member countries,,High,Monitoring,,2026-07-20,"Official platform entry point. Use platform filters and verify posting date, employer identity, location eligibility and application route.",Official platform,https://www.isdb.org/careers
125,OECD Careers,OECD vacancies,Development & NGO Jobs,Remote / Global,Global,,High,Monitoring,,2026-07-20,"Official platform entry point. Use platform filters and verify posting date, employer identity, location eligibility and application route.",Official platform,https://www.oecd.org/careers/
126,EU Careers,European Union careers,Development & NGO Jobs,Remote / Global,Europe / global programmes,,High,Monitoring,,2026-07-20,"Official platform entry point. Use platform filters and verify posting date, employer identity, location eligibility and application route.",Official platform,https://eu-careers.europa.eu/
127,GIZ Jobs,German development cooperation jobs,Development & NGO Jobs,Remote / Global,Global development,,High,Monitoring,,2026-07-20,"Official platform entry point. Use platform filters and verify posting date, employer identity, location eligibility and application route.",Official platform,https://jobs.giz.de/
128,FHI 360 Careers,International development and health jobs,Development & NGO Jobs,Remote / Global,Global,,High,Monitoring,,2026-07-20,"Official platform entry point. Use platform filters and verify posting date, employer identity, location eligibility and application route.",Official platform,https://www.fhi360.org/careers/
129,CHAI Careers,Clinton Health Access Initiative jobs,Development & NGO Jobs,Remote / Global,Global health,,High,Monitoring,,2026-07-20,"Official platform entry point. Use platform filters and verify posting date, employer identity, location eligibility and application route.",Official platform,https://www.clintonhealthaccess.org/careers/
130,PATH Careers,Global health careers,Development & NGO Jobs,Remote / Global,Global health,,High,Monitoring,,2026-07-20,"Official platform entry point. Use platform filters and verify posting date, employer identity, location eligibility and application route.",Official platform,https://www.path.org/careers/
131,Save the Children Careers,International NGO vacancies,Development & NGO Jobs,Remote / Global,Global,,High,Monitoring,,2026-07-20,"Official platform entry point. Use platform filters and verify posting date, employer identity, location eligibility and application route.",Official platform,https://jobs.savethechildren.org.uk/
132,IRC Careers,International Rescue Committee jobs,Development & NGO Jobs,Remote / Global,Global,,High,Monitoring,,2026-07-20,"Official platform entry point. Use platform filters and verify posting date, employer identity, location eligibility and application route.",Official platform,https://careers.rescue.org/
133,MSF Jobs,Médecins Sans Frontières careers,Development & NGO Jobs,Remote / Global,Global,,High,Monitoring,,2026-07-20,"Official platform entry point. Use platform filters and verify posting date, employer identity, location eligibility and application route.",Official platform,https://www.msf.org/work-msf
134,Mercy Corps Careers,International development jobs,Development & NGO Jobs,Remote / Global,Global,,High,Monitoring,,2026-07-20,"Official platform entry point. Use platform filters and verify posting date, employer identity, location eligibility and application route.",Official platform,https://www.mercycorps.org/careers
135,CARE Careers,CARE International jobs,Development & NGO Jobs,Remote / Global,Global,,High,Monitoring,,2026-07-20,"Official platform entry point. Use platform filters and verify posting date, employer identity, location eligibility and application route.",Official platform,https://www.care-international.org/jobs
136,Palladium Jobs,International development consulting jobs,Development & NGO Jobs,Remote / Global,Global,,High,Monitoring,,2026-07-20,"Official platform entry point. Use platform filters and verify posting date, employer identity, location eligibility and application route.",Official platform,https://palladium.csod.com/ux/ats/careersite/2/home
137,DAI Careers,Development consulting jobs,Development & NGO Jobs,Remote / Global,Global,,High,Monitoring,,2026-07-20,"Official platform entry point. Use platform filters and verify posting date, employer identity, location eligibility and application route.",Official platform,https://www.dai.com/careers
138,Chemonics Careers,International development consulting jobs,Development & NGO Jobs,Remote / Global,Global,,High,Monitoring,,2026-07-20,"Official platform entry point. Use platform filters and verify posting date, employer identity, location eligibility and application route.",Official platform,https://chemonics.com/jobs/
139,Abt Global Careers,Research and development consulting jobs,Development & NGO Jobs,Remote / Global,Global,,High,Monitoring,,2026-07-20,"Official platform entry point. Use platform filters and verify posting date, employer identity, location eligibility and application route.",Official platform,https://www.abtglobal.com/careers
140,RTI International Careers,Research and development jobs,Development & NGO Jobs,Remote / Global,Global,,High,Monitoring,,2026-07-20,"Official platform entry point. Use platform filters and verify posting date, employer identity, location eligibility and application route.",Official platform,https://www.rti.org/careers
141,Wellfound,Startup and remote jobs,Tech & Startup Jobs,Remote / Global,Global startups,,High,Monitoring,,2026-07-20,"Official platform entry point. Use platform filters and verify posting date, employer identity, location eligibility and application route.",Official platform,https://wellfound.com/jobs
142,Y Combinator Work at a Startup,Jobs at YC startups,Tech & Startup Jobs,Remote / Global,Global startups,,High,Monitoring,,2026-07-20,"Official platform entry point. Use platform filters and verify posting date, employer identity, location eligibility and application route.",Official platform,https://www.workatastartup.com/jobs
143,Techstars Jobs,Jobs across Techstars companies,Tech & Startup Jobs,Remote / Global,Global startups,,High,Monitoring,,2026-07-20,"Official platform entry point. Use platform filters and verify posting date, employer identity, location eligibility and application route.",Official platform,https://jobs.techstars.com/
144,F6S Jobs,Startup jobs and opportunities,Tech & Startup Jobs,Remote / Global,Global startups,,High,Monitoring,,2026-07-20,"Official platform entry point. Use platform filters and verify posting date, employer identity, location eligibility and application route.",Official platform,https://www.f6s.com/jobs
145,Welcome to the Jungle,Jobs and company profiles,Tech & Startup Jobs,Remote / Global,Europe / global,,High,Monitoring,,2026-07-20,"Official platform entry point. Use platform filters and verify posting date, employer identity, location eligibility and application route.",Official platform,https://www.welcometothejungle.com/en/jobs
146,Dice,Technology jobs,Tech & Startup Jobs,Remote / Global,Technology / global,,High,Monitoring,,2026-07-20,"Official platform entry point. Use platform filters and verify posting date, employer identity, location eligibility and application route.",Official platform,https://www.dice.com/jobs
147,Built In,Technology company jobs,Tech & Startup Jobs,Remote / Global,Technology / selected markets,,High,Monitoring,,2026-07-20,"Official platform entry point. Use platform filters and verify posting date, employer identity, location eligibility and application route.",Official platform,https://builtin.com/jobs
148,eFinancialCareers,Finance and technology jobs,Tech & Startup Jobs,Remote / Global,Global finance,,High,Monitoring,,2026-07-20,"Official platform entry point. Use platform filters and verify posting date, employer identity, location eligibility and application route.",Official platform,https://www.efinancialcareers.com/
149,Hired,Technology talent marketplace,Tech & Startup Jobs,Remote / Global,Technology / selected markets,,High,Monitoring,,2026-07-20,"Official platform entry point. Use platform filters and verify posting date, employer identity, location eligibility and application route.",Official platform,https://hired.com/
150,CrunchBoard,Technology and startup jobs,Tech & Startup Jobs,Remote / Global,Technology / global,,High,Monitoring,,2026-07-20,"Official platform entry point. Use platform filters and verify posting date, employer identity, location eligibility and application route.",Official platform,https://www.crunchboard.com/jobs
151,Hacker News Who Is Hiring,Monthly startup and technology hiring thread,Tech & Startup Jobs,Remote / Global,Global technology,,High,Monitoring,,2026-07-20,"Official platform entry point. Use platform filters and verify posting date, employer identity, location eligibility and application route.",Official platform,https://news.ycombinator.com/submitted?id=whoishiring
152,ai-jobs.net,AI and data jobs,Tech & Startup Jobs,Remote / Global,AI / global,,High,Monitoring,,2026-07-20,"Official platform entry point. Use platform filters and verify posting date, employer identity, location eligibility and application route.",Official platform,https://ai-jobs.net/
153,DataJobs,Data and analytics jobs,Tech & Startup Jobs,Remote / Global,Data / global,,High,Monitoring,,2026-07-20,"Official platform entry point. Use platform filters and verify posting date, employer identity, location eligibility and application route.",Official platform,https://datajobs.com/
154,CyberSecurityJobs,Cybersecurity jobs,Tech & Startup Jobs,Remote / Global,Cybersecurity / global,,High,Monitoring,,2026-07-20,"Official platform entry point. Use platform filters and verify posting date, employer identity, location eligibility and application route.",Official platform,https://www.cybersecurityjobsite.com/
155,CloudJobs,Cloud computing jobs,Tech & Startup Jobs,Remote / Global,Cloud / global,,High,Monitoring,,2026-07-20,"Official platform entry point. Use platform filters and verify posting date, employer identity, location eligibility and application route.",Official platform,https://cloudjobs.com/
156,Upwork,Freelance projects and contracts,Freelance & Contract,Remote / Global,Global,,Medium,Monitoring,,2026-07-20,"Official platform entry point. Use platform filters and verify posting date, employer identity, location eligibility and application route.",Official platform,https://www.upwork.com/nx/search/jobs/
157,Freelancer,Freelance projects marketplace,Freelance & Contract,Remote / Global,Global,,Medium,Monitoring,,2026-07-20,"Official platform entry point. Use platform filters and verify posting date, employer identity, location eligibility and application route.",Official platform,https://www.freelancer.com/jobs/
158,PeoplePerHour,Freelance projects marketplace,Freelance & Contract,Remote / Global,Global,,Medium,Monitoring,,2026-07-20,"Official platform entry point. Use platform filters and verify posting date, employer identity, location eligibility and application route.",Official platform,https://www.peopleperhour.com/freelance-jobs
159,Toptal,Freelance expert talent network,Freelance & Contract,Remote / Global,Global,,Medium,Monitoring,,2026-07-20,"Official platform entry point. Use platform filters and verify posting date, employer identity, location eligibility and application route.",Official platform,https://www.toptal.com/freelance-jobs
160,Contra,Independent work and contract opportunities,Freelance & Contract,Remote / Global,Global,,Medium,Monitoring,,2026-07-20,"Official platform entry point. Use platform filters and verify posting date, employer identity, location eligibility and application route.",Official platform,https://contra.com/opportunities
161,Guru,Freelance jobs marketplace,Freelance & Contract,Remote / Global,Global,,Medium,Monitoring,,2026-07-20,"Official platform entry point. Use platform filters and verify posting date, employer identity, location eligibility and application route.",Official platform,https://www.guru.com/d/jobs/
162,Malt,Freelance consulting marketplace,Freelance & Contract,Remote / Global,Europe / global,,Medium,Monitoring,,2026-07-20,"Official platform entry point. Use platform filters and verify posting date, employer identity, location eligibility and application route.",Official platform,https://www.malt.com/
163,Catalant,Independent consulting marketplace,Freelance & Contract,Remote / Global,Global,,Medium,Monitoring,,2026-07-20,"Official platform entry point. Use platform filters and verify posting date, employer identity, location eligibility and application route.",Official platform,https://gocatalant.com/
164,Braintrust,Technology talent network,Freelance & Contract,Remote / Global,Global,,Medium,Monitoring,,2026-07-20,"Official platform entry point. Use platform filters and verify posting date, employer identity, location eligibility and application route.",Official platform,https://www.usebraintrust.com/jobs
165,Workana,Freelance jobs marketplace,Freelance & Contract,Remote / Global,Global / Latin America,,Medium,Monitoring,,2026-07-20,"Official platform entry point. Use platform filters and verify posting date, employer identity, location eligibility and application route.",Official platform,https://www.workana.com/jobs
166,Kolabtree,Scientific and specialist freelance projects,Freelance & Contract,Remote / Global,Global,,Medium,Monitoring,,2026-07-20,"Official platform entry point. Use platform filters and verify posting date, employer identity, location eligibility and application route.",Official platform,https://www.kolabtree.com/find-work
167,Truelancer,Freelance projects marketplace,Freelance & Contract,Remote / Global,Global,,Medium,Monitoring,,2026-07-20,"Official platform entry point. Use platform filters and verify posting date, employer identity, location eligibility and application route.",Official platform,https://www.truelancer.com/freelance-jobs
168,Flexing It,Independent consulting opportunities,Freelance & Contract,Remote / Global,Global / India / Middle East,,Medium,Monitoring,,2026-07-20,"Official platform entry point. Use platform filters and verify posting date, employer identity, location eligibility and application route.",Official platform,https://www.flexingit.com/
