id,record_type,category,title,organization,subtitle,role_family,type,industry,region,country,location,availability_status,published_date,expiry_date,last_checked,posted_text,source,source_quality,source_quality_label,verification_level,match_score,fit,priority_tier,url,notes
job-01112,Official Vacancy,job,Information Systems - Open Source Technical Architect,Canonical,Canonical,Enterprise Architecture & Cloud Infrastructure,Enterprise Architecture & Cloud Infrastructure,Technology & Cloud,EMEA · Remote,EMEA,Home based - EMEA,Available,,,2026-07-24,Current official Canonical listing,Official employer,A,Official employer / primary source,Official,98,High,,https://canonical.com/careers/4551832,"High-alignment role covering internal private cloud architecture, infrastructure as code, DevOps/SRE leadership, automation, reliability, resilience, security, developer self-service and GitOps-oriented operating practices."
job-01582,Official Vacancy,job,"Sr. Program Manager, Ops Integration",Amazon,Amazon,Program Delivery,Program Delivery,Other Multinational & Enterprise,Egypt,Egypt,Cairo,Available,2026-06-22,,2026-07-24,Official listing,Official employer careers,A,Official employer / primary source,Official,94,High,,https://www.amazon.jobs/en/search?country=EGY&loc_query=Egypt,"Amazon Job ID 10454746. Operations integration, program leadership and cross-functional delivery."
job-01583,Official Vacancy,job,"Launch Program Manager, Amazon Now",Amazon,Amazon,Program Delivery,Program Delivery,Other Multinational & Enterprise,Egypt,Egypt,Cairo,Available,2026-06-23,,2026-07-24,Official listing,Official employer careers,A,Official employer / primary source,Official,92,High,,https://www.amazon.jobs/en/search?country=EGY&loc_query=Egypt,"Amazon Job ID 10456264. Program strategy, end-to-end delivery, metrics and senior-stakeholder communication."
job-01584,Official Vacancy,job,"Program Manager - QC Inventory Health, Supply Chain",Amazon,Amazon,Supply Chain Transformation,Supply Chain Transformation,Healthcare & Life Sciences,Egypt,Egypt,Cairo,Available,2026-07-01,,2026-07-24,Official listing,Official employer careers,A,Official employer / primary source,Official,90,High,,https://amazon.jobs/es/search?base_query=&country=EGY&loc_query=Egypt&sort=relevant,Amazon Job ID 10463444. Cross-functional technology and operations program improvement using data and metrics.
job-01585,Official Vacancy,job,Global Continuous Improvement & Governance Lead,Unilever,Unilever,Governance & Continuous Improvement,Governance & Continuous Improvement,Automotive & Mobility,Egypt,Egypt,6th of October City,Available,2026-07-22,,2026-07-24,Official listing,Official employer careers,A,Official employer / primary source,Official,88,High,,https://careers.unilever.com/en/Egypt,Current official Unilever Egypt listing focused on governance and continuous improvement. Verify details on the official career page.
job-01586,Official Vacancy,job,"Program Manager Inventory, Supply Chain",Amazon,Amazon,Supply Chain Transformation,Supply Chain Transformation,Supply Chain & Logistics,Egypt,Egypt,Cairo,Available,2026-06-22,,2026-07-24,Official listing,Official employer careers,A,Official employer / primary source,Official,88,High,,https://www.amazon.jobs/en/search?country=EGY&loc_query=Egypt,"Amazon Job ID 10454589. Inventory, supply-chain program management and data-driven improvement."
job-01587,Official Vacancy,job,Category Manager - Terminal Procurement,A.P. Moller - Maersk,A.P. Moller - Maersk,Supply Chain & Procurement,Supply Chain & Procurement,Supply Chain & Logistics,GCC,United Arab Emirates,Dubai,Available,2026-07-09,,2026-07-24,Official listing,Official employer careers,A,Official employer / primary source,Official,82,High,,https://www.maersk.com/careers/vacancies/wd/Category-Manager--Terminal-Procurement_R187082/jt-category-manager-terminal-procurement,International sourcing and terminal procurement within a global integrated logistics group.
job-01588,Official Vacancy,job,Egypt Warehouse Assistant Manager,Unilever,Unilever,Supply Chain Leadership,Supply Chain Leadership,Supply Chain & Logistics,Egypt,Egypt,6th of October City,Available,2026-07-22,,2026-07-24,Official listing,Official employer careers,A,Official employer / primary source,Official,80,High,,https://careers.unilever.com/en/Egypt,Current official Unilever Egypt listing in warehouse and supply-chain leadership.
job-01589,Official Vacancy,job,"Operations City Manager, UAF",Amazon,Amazon,Operations Leadership,Operations Leadership,Supply Chain & Logistics,Egypt,Egypt,Cairo,Available,2026-07-02,,2026-07-24,Official listing,Official employer careers,A,Official employer / primary source,Official,78,Medium,,https://amazon.jobs/es/search?base_query=&country=EGY&loc_query=Egypt&sort=relevant,Amazon Job ID 10464467. Logistics and operational leadership.
job-00190,Platform-Indexed Vacancy,job,Enterprise and Solution Architect,Nagarro,Nagarro,Enterprise Architecture,Enterprise Architecture,Technology & Consulting,GCC,Oman,Muscat,Possibly Available,2026-07-18,,2026-07-20,Listed 2 days ago,LinkedIn,B,Recognized job platform,Platform,70,Medium,,https://om.linkedin.com/jobs/view/enterpise-and-solution-architect-at-nagarro-4436993214,"Verify eligibility, deadline and work authorization on the linked source before applying."
job-00709,Verified Vacancy,job,"Enterprise Architect, Data Integration and BI",Myers-Holum,Myers-Holum,Enterprise Architecture,Enterprise Architecture,Technology & Consulting,Remote / Global,Worldwide,Remote / location dependent,Available,,,2026-07-20,Current Greenhouse listing,Greenhouse,A,Official / primary source,Official,70,Medium,,https://job-boards.greenhouse.io/mhi/jobs/6571212003,"Verify eligibility, deadline and work authorization on the linked source before applying."
job-01158,Platform-Indexed Vacancy,job,"Director, Digital Health and Informatics",Last Mile Health,Last Mile Health,Healthcare IT,Healthcare IT,Healthcare & Life Sciences,Africa,Kenya,Kenya,Possibly Available,2026-07-06,,2026-07-20,Listed 2 weeks ago,LinkedIn current search,B,Recognized job platform,Platform,68,Medium,,https://ke.linkedin.com/jobs/it-director-jobs,"Verify eligibility, deadline and work authorization on the linked source before applying."
job-00010,Platform-Indexed Vacancy,job,Architecture Advisor Expert,SAP,SAP,Enterprise Architecture,Enterprise Architecture,Technology & Consulting,Egypt,Egypt,Cairo,Possibly Available,2026-07-06,,2026-07-20,Listed 2 weeks ago,LinkedIn current search,B,Recognized job platform,Platform,67,Medium,,https://eg.linkedin.com/jobs/digital-transformation-manager-jobs?countryRedirected=1,"Verify eligibility, deadline and work authorization on the linked source before applying."
job-00013,Platform-Indexed Vacancy,job,Enterprise Architect,Veeam Software,Veeam Software,Enterprise Architecture,Enterprise Architecture,Technology & Consulting,Egypt,Egypt,Egypt,Possibly Available,2026-07-13,,2026-07-20,Listed 1 week ago,LinkedIn current search,B,Recognized job platform,Platform,67,Medium,,https://eg.linkedin.com/jobs/digital-transformation-manager-jobs?countryRedirected=1,"Verify eligibility, deadline and work authorization on the linked source before applying."
job-00011,Platform-Indexed Vacancy,job,ETIC Solution Architecture Director,PwC,PwC,Solution Architecture,Solution Architecture,Other Multinational & Enterprise,Egypt,Egypt,Cairo,Possibly Available,2026-07-06,,2026-07-20,Listed 2 weeks ago,LinkedIn current search,B,Recognized job platform,Platform,67,Medium,,https://eg.linkedin.com/jobs/digital-transformation-manager-jobs?countryRedirected=1,"Verify eligibility, deadline and work authorization on the linked source before applying."
job-00171,Platform-Indexed Vacancy,job,Enterprise Architecture Manager,Linnk Group,Linnk Group,Enterprise Architecture,Enterprise Architecture,Technology & Consulting,GCC,Saudi Arabia,Riyadh,Possibly Available,2026-07-20,,2026-07-20,Listed 6 hours ago,LinkedIn current search,B,Recognized job platform,Platform,66,Medium,,https://sa.linkedin.com/jobs/it-leadership-jobs,"Verify eligibility, deadline and work authorization on the linked source before applying."
job-00188,Platform-Indexed Vacancy,job,Enterprise Solutions Architect - Presales Expert,DXC Technology,DXC Technology,Enterprise Architecture,Enterprise Architecture,Technology & Consulting,GCC,United Arab Emirates,Dubai,Possibly Available,2026-07-18,,2026-07-20,Listed 2 days ago,LinkedIn,B,Recognized job platform,Platform,66,Medium,,https://ae.linkedin.com/jobs/view/enterprise-solutions-architect-presales-expert-at-dxc-technology-4427440228,"Verify eligibility, deadline and work authorization on the linked source before applying."
job-00181,Platform-Indexed Vacancy,job,Senior Manager - Enterprise Architect,Mace,Mace,Enterprise Architecture,Enterprise Architecture,Technology & Consulting,GCC,Saudi Arabia,Riyadh,Possibly Available,2026-07-15,,2026-07-20,Listed 5 days ago,LinkedIn current search,B,Recognized job platform,Platform,66,Medium,,https://sa.linkedin.com/jobs/senior-manager-consulting-services-jobs?countryRedirected=1,"Verify eligibility, deadline and work authorization on the linked source before applying."
job-00175,Platform-Indexed Vacancy,job,Solution Architect - Enterprise,Riyadh Air,Riyadh Air,Solution Architecture,Solution Architecture,Technology & Consulting,GCC,Saudi Arabia,Riyadh,Possibly Available,2026-07-06,,2026-07-20,Listed 2 weeks ago,LinkedIn current search,B,Recognized job platform,Platform,66,Medium,,https://sa.linkedin.com/jobs/digital-transformation-advisor-jobs?countryRedirected=1,"Verify eligibility, deadline and work authorization on the linked source before applying."
job-00177,Platform-Indexed Vacancy,job,Solution Enterprise Architect,CoorB,CoorB,Enterprise Architecture,Enterprise Architecture,Technology & Consulting,GCC,Saudi Arabia,Riyadh,Possibly Available,2026-07-19,,2026-07-20,Listed 1 day ago,LinkedIn current search,B,Recognized job platform,Platform,66,Medium,,https://sa.linkedin.com/jobs/digital-transformation-advisor-jobs?countryRedirected=1,"Verify eligibility, deadline and work authorization on the linked source before applying."
job-00708,Verified Vacancy,job,Solution/Enterprise Architect - Martech Consolidation,Exadel,Exadel,Enterprise Architecture,Enterprise Architecture,Technology & Consulting,Remote / Global,Worldwide,Remote / contract,Available,,,2026-07-20,Current Greenhouse listing,Greenhouse,A,Official / primary source,Official,66,Medium,,https://job-boards.greenhouse.io/externaljobboards/jobs/6109259004,"Verify eligibility, deadline and work authorization on the linked source before applying."
job-00710,Verified Vacancy,job,Transformation Architect - Northern Europe,Zscaler,Zscaler,Enterprise Architecture,Enterprise Architecture,Technology & Consulting,Remote / Global,Worldwide,Remote Northern Europe,Available,,,2026-07-20,Remote listing,Greenhouse,A,Official / primary source,Official,66,Medium,,https://job-boards.greenhouse.io/zscaler/jobs/4998839007,"Verify eligibility, deadline and work authorization on the linked source before applying."
job-00008,Platform-Indexed Vacancy,job,Associate Director - MENA Chief Data Officer,EY,EY,Data & Governance,Data & Governance,Technology & Consulting,Egypt,Egypt,Cairo,Possibly Available,2026-07-20,,2026-07-20,Listed 13 hours ago,LinkedIn current search,B,Recognized job platform,Platform,65,Medium,,https://eg.linkedin.com/jobs/digital-transformation-manager-jobs?countryRedirected=1,"Verify eligibility, deadline and work authorization on the linked source before applying."
job-00051,Platform-Indexed Vacancy,job,Data Governance Manager — Bayt Live Search,Egypt,Egypt,Live Job Search,Live Job Search,Technology & Consulting,Egypt,Egypt,Live / varies,Possibly Available,,,2026-07-20,Live search sorted toward newest results,Bayt,B,Recognized job platform,Platform,65,Medium,,https://www.bayt.com/en/egypt/jobs/Data%20Governance%20Manager-jobs/,"Egypt live-search pack. This is a live search link, not one fixed vacancy."
job-00220,Platform-Indexed Vacancy,job,Data Governance Manager — Bayt Live Search,Saudi Arabia,Saudi Arabia,Live Job Search,Live Job Search,Technology & Consulting,GCC,Saudi Arabia,Live / varies,Possibly Available,,,2026-07-20,Live search sorted toward newest results,Bayt,B,Recognized job platform,Platform,65,Medium,,https://www.bayt.com/en/saudi-arabia/jobs/Data%20Governance%20Manager-jobs/,"GCC live-search pack. This is a live search link, not one fixed vacancy."
job-00295,Platform-Indexed Vacancy,job,Data Governance Manager — Bayt Live Search,United Arab Emirates,United Arab Emirates,Live Job Search,Live Job Search,Technology & Consulting,GCC,United Arab Emirates,Live / varies,Possibly Available,,,2026-07-20,Live search sorted toward newest results,Bayt,B,Recognized job platform,Platform,65,Medium,,https://www.bayt.com/en/united-arab-emirates/jobs/Data%20Governance%20Manager-jobs/,"GCC live-search pack. This is a live search link, not one fixed vacancy."
job-00370,Platform-Indexed Vacancy,job,Data Governance Manager — Bayt Live Search,Qatar,Qatar,Live Job Search,Live Job Search,Technology & Consulting,GCC,Qatar,Live / varies,Possibly Available,,,2026-07-20,Live search sorted toward newest results,Bayt,B,Recognized job platform,Platform,65,Medium,,https://www.bayt.com/en/qatar/jobs/Data%20Governance%20Manager-jobs/,"GCC live-search pack. This is a live search link, not one fixed vacancy."
job-00445,Platform-Indexed Vacancy,job,Data Governance Manager — Bayt Live Search,Kuwait,Kuwait,Live Job Search,Live Job Search,Technology & Consulting,GCC,Kuwait,Live / varies,Possibly Available,,,2026-07-20,Live search sorted toward newest results,Bayt,B,Recognized job platform,Platform,65,Medium,,https://www.bayt.com/en/kuwait/jobs/Data%20Governance%20Manager-jobs/,"GCC live-search pack. This is a live search link, not one fixed vacancy."
job-00520,Platform-Indexed Vacancy,job,Data Governance Manager — Bayt Live Search,Oman,Oman,Live Job Search,Live Job Search,Technology & Consulting,GCC,Oman,Live / varies,Possibly Available,,,2026-07-20,Live search sorted toward newest results,Bayt,B,Recognized job platform,Platform,65,Medium,,https://www.bayt.com/en/oman/jobs/Data%20Governance%20Manager-jobs/,"GCC live-search pack. This is a live search link, not one fixed vacancy."
job-00595,Platform-Indexed Vacancy,job,Data Governance Manager — Bayt Live Search,Bahrain,Bahrain,Live Job Search,Live Job Search,Technology & Consulting,GCC,Bahrain,Live / varies,Possibly Available,,,2026-07-20,Live search sorted toward newest results,Bayt,B,Recognized job platform,Platform,65,Medium,,https://www.bayt.com/en/bahrain/jobs/Data%20Governance%20Manager-jobs/,"GCC live-search pack. This is a live search link, not one fixed vacancy."
job-00052,Platform-Indexed Vacancy,job,Data Governance Manager — Google Live Search,Egypt,Egypt,Live Job Search,Live Job Search,Technology & Consulting,Egypt,Egypt,Live / varies,Possibly Available,,,2026-07-20,Live search sorted toward newest results,Google,B,Direct organization or specialist source,Direct,65,Medium,,https://www.google.com/search?q=Egypt+Data+Governance+Manager+jobs+posted+this+week,"Egypt live-search pack. This is a live search link, not one fixed vacancy."
job-00219,Platform-Indexed Vacancy,job,Data Governance Manager — GulfTalent Live Search,Saudi Arabia,Saudi Arabia,Live Job Search,Live Job Search,Technology & Consulting,GCC,Saudi Arabia,Live / varies,Possibly Available,,,2026-07-20,Live search sorted toward newest results,GulfTalent,B,Recognized job platform,Platform,65,Medium,,https://www.gulftalent.com/jobs?keywords=Data+Governance+Manager,"GCC live-search pack. This is a live search link, not one fixed vacancy."
job-00294,Platform-Indexed Vacancy,job,Data Governance Manager — GulfTalent Live Search,United Arab Emirates,United Arab Emirates,Live Job Search,Live Job Search,Technology & Consulting,GCC,United Arab Emirates,Live / varies,Possibly Available,,,2026-07-20,Live search sorted toward newest results,GulfTalent,B,Recognized job platform,Platform,65,Medium,,https://www.gulftalent.com/jobs?keywords=Data+Governance+Manager,"GCC live-search pack. This is a live search link, not one fixed vacancy."
job-00369,Platform-Indexed Vacancy,job,Data Governance Manager — GulfTalent Live Search,Qatar,Qatar,Live Job Search,Live Job Search,Technology & Consulting,GCC,Qatar,Live / varies,Possibly Available,,,2026-07-20,Live search sorted toward newest results,GulfTalent,B,Recognized job platform,Platform,65,Medium,,https://www.gulftalent.com/jobs?keywords=Data+Governance+Manager,"GCC live-search pack. This is a live search link, not one fixed vacancy."
job-00444,Platform-Indexed Vacancy,job,Data Governance Manager — GulfTalent Live Search,Kuwait,Kuwait,Live Job Search,Live Job Search,Technology & Consulting,GCC,Kuwait,Live / varies,Possibly Available,,,2026-07-20,Live search sorted toward newest results,GulfTalent,B,Recognized job platform,Platform,65,Medium,,https://www.gulftalent.com/jobs?keywords=Data+Governance+Manager,"GCC live-search pack. This is a live search link, not one fixed vacancy."
job-00519,Platform-Indexed Vacancy,job,Data Governance Manager — GulfTalent Live Search,Oman,Oman,Live Job Search,Live Job Search,Technology & Consulting,GCC,Oman,Live / varies,Possibly Available,,,2026-07-20,Live search sorted toward newest results,GulfTalent,B,Recognized job platform,Platform,65,Medium,,https://www.gulftalent.com/jobs?keywords=Data+Governance+Manager,"GCC live-search pack. This is a live search link, not one fixed vacancy."
job-00594,Platform-Indexed Vacancy,job,Data Governance Manager — GulfTalent Live Search,Bahrain,Bahrain,Live Job Search,Live Job Search,Technology & Consulting,GCC,Bahrain,Live / varies,Possibly Available,,,2026-07-20,Live search sorted toward newest results,GulfTalent,B,Recognized job platform,Platform,65,Medium,,https://www.gulftalent.com/jobs?keywords=Data+Governance+Manager,"GCC live-search pack. This is a live search link, not one fixed vacancy."
job-00049,Platform-Indexed Vacancy,job,Data Governance Manager — LinkedIn Live Search,Egypt,Egypt,Live Job Search,Live Job Search,Technology & Consulting,Egypt,Egypt,Live / varies,Possibly Available,,,2026-07-20,Live search sorted toward newest results,LinkedIn,B,Recognized job platform,Platform,65,Medium,,https://www.linkedin.com/jobs/search/?keywords=Data+Governance+Manager&sortBy=DD&location=Egypt,"Egypt live-search pack. This is a live search link, not one fixed vacancy."
job-00218,Platform-Indexed Vacancy,job,Data Governance Manager — LinkedIn Live Search,Saudi Arabia,Saudi Arabia,Live Job Search,Live Job Search,Technology & Consulting,GCC,Saudi Arabia,Live / varies,Possibly Available,,,2026-07-20,Live search sorted toward newest results,LinkedIn,B,Recognized job platform,Platform,65,Medium,,https://www.linkedin.com/jobs/search/?keywords=Data+Governance+Manager&sortBy=DD&location=Saudi+Arabia,"GCC live-search pack. This is a live search link, not one fixed vacancy."
job-00293,Platform-Indexed Vacancy,job,Data Governance Manager — LinkedIn Live Search,United Arab Emirates,United Arab Emirates,Live Job Search,Live Job Search,Technology & Consulting,GCC,United Arab Emirates,Live / varies,Possibly Available,,,2026-07-20,Live search sorted toward newest results,LinkedIn,B,Recognized job platform,Platform,65,Medium,,https://www.linkedin.com/jobs/search/?keywords=Data+Governance+Manager&sortBy=DD&location=United+Arab+Emirates,"GCC live-search pack. This is a live search link, not one fixed vacancy."
job-00368,Platform-Indexed Vacancy,job,Data Governance Manager — LinkedIn Live Search,Qatar,Qatar,Live Job Search,Live Job Search,Technology & Consulting,GCC,Qatar,Live / varies,Possibly Available,,,2026-07-20,Live search sorted toward newest results,LinkedIn,B,Recognized job platform,Platform,65,Medium,,https://www.linkedin.com/jobs/search/?keywords=Data+Governance+Manager&sortBy=DD&location=Qatar,"GCC live-search pack. This is a live search link, not one fixed vacancy."
job-00443,Platform-Indexed Vacancy,job,Data Governance Manager — LinkedIn Live Search,Kuwait,Kuwait,Live Job Search,Live Job Search,Technology & Consulting,GCC,Kuwait,Live / varies,Possibly Available,,,2026-07-20,Live search sorted toward newest results,LinkedIn,B,Recognized job platform,Platform,65,Medium,,https://www.linkedin.com/jobs/search/?keywords=Data+Governance+Manager&sortBy=DD&location=Kuwait,"GCC live-search pack. This is a live search link, not one fixed vacancy."
job-00518,Platform-Indexed Vacancy,job,Data Governance Manager — LinkedIn Live Search,Oman,Oman,Live Job Search,Live Job Search,Technology & Consulting,GCC,Oman,Live / varies,Possibly Available,,,2026-07-20,Live search sorted toward newest results,LinkedIn,B,Recognized job platform,Platform,65,Medium,,https://www.linkedin.com/jobs/search/?keywords=Data+Governance+Manager&sortBy=DD&location=Oman,"GCC live-search pack. This is a live search link, not one fixed vacancy."
job-00593,Platform-Indexed Vacancy,job,Data Governance Manager — LinkedIn Live Search,Bahrain,Bahrain,Live Job Search,Live Job Search,Technology & Consulting,GCC,Bahrain,Live / varies,Possibly Available,,,2026-07-20,Live search sorted toward newest results,LinkedIn,B,Recognized job platform,Platform,65,Medium,,https://www.linkedin.com/jobs/search/?keywords=Data+Governance+Manager&sortBy=DD&location=Bahrain,"GCC live-search pack. This is a live search link, not one fixed vacancy."
job-00050,Platform-Indexed Vacancy,job,Data Governance Manager — Wuzzuf Live Search,Egypt,Egypt,Live Job Search,Live Job Search,Technology & Consulting,Egypt,Egypt,Live / varies,Possibly Available,,,2026-07-20,Live search sorted toward newest results,Wuzzuf,B,Recognized job platform,Platform,65,Medium,,https://wuzzuf.net/search/jobs/?q=Data+Governance+Manager&a=navbl,"Egypt live-search pack. This is a live search link, not one fixed vacancy."
job-00189,Platform-Indexed Vacancy,job,Digital Transformation Manager / Solution Architect,Union Properties / Tetra Edge,Union Properties / Tetra Edge,Digital Transformation,Digital Transformation,Technology & Consulting,GCC,United Arab Emirates,Dubai,Possibly Available,2026-07-16,,2026-07-20,Urgent hiring reposted 4 days ago,LinkedIn post,B,Recognized job platform,Platform,65,Medium,,https://ae.linkedin.com/in/mohammed-hashim-1a13665b,"Verify eligibility, deadline and work authorization on the linked source before applying."
job-00184,Platform-Indexed Vacancy,job,Enterprise Applications & Digital Transformation Manager,Sunbulah Group,Sunbulah Group,Digital Transformation,Digital Transformation,Technology & Consulting,GCC,Saudi Arabia,Jeddah,Possibly Available,2026-07-06,,2026-07-20,Listed 2 weeks ago,LinkedIn current search,B,Recognized job platform,Platform,65,Medium,,https://sa.linkedin.com/jobs/it-leadership-jobs,"Verify eligibility, deadline and work authorization on the linked source before applying."
job-00019,Platform-Indexed Vacancy,job,Enterprise Architect — Bayt Live Search,Egypt,Egypt,Live Job Search,Live Job Search,Technology & Consulting,Egypt,Egypt,Live / varies,Possibly Available,,,2026-07-20,Live search sorted toward newest results,Bayt,B,Recognized job platform,Platform,65,Medium,,https://www.bayt.com/en/egypt/jobs/Enterprise%20Architect-jobs/,"Egypt live-search pack. This is a live search link, not one fixed vacancy."
job-00196,Platform-Indexed Vacancy,job,Enterprise Architect — Bayt Live Search,Saudi Arabia,Saudi Arabia,Live Job Search,Live Job Search,Technology & Consulting,GCC,Saudi Arabia,Live / varies,Possibly Available,,,2026-07-20,Live search sorted toward newest results,Bayt,B,Recognized job platform,Platform,65,Medium,,https://www.bayt.com/en/saudi-arabia/jobs/Enterprise%20Architect-jobs/,"GCC live-search pack. This is a live search link, not one fixed vacancy."
job-00271,Platform-Indexed Vacancy,job,Enterprise Architect — Bayt Live Search,United Arab Emirates,United Arab Emirates,Live Job Search,Live Job Search,Technology & Consulting,GCC,United Arab Emirates,Live / varies,Possibly Available,,,2026-07-20,Live search sorted toward newest results,Bayt,B,Recognized job platform,Platform,65,Medium,,https://www.bayt.com/en/united-arab-emirates/jobs/Enterprise%20Architect-jobs/,"GCC live-search pack. This is a live search link, not one fixed vacancy."
job-00346,Platform-Indexed Vacancy,job,Enterprise Architect — Bayt Live Search,Qatar,Qatar,Live Job Search,Live Job Search,Technology & Consulting,GCC,Qatar,Live / varies,Possibly Available,,,2026-07-20,Live search sorted toward newest results,Bayt,B,Recognized job platform,Platform,65,Medium,,https://www.bayt.com/en/qatar/jobs/Enterprise%20Architect-jobs/,"GCC live-search pack. This is a live search link, not one fixed vacancy."
job-00421,Platform-Indexed Vacancy,job,Enterprise Architect — Bayt Live Search,Kuwait,Kuwait,Live Job Search,Live Job Search,Technology & Consulting,GCC,Kuwait,Live / varies,Possibly Available,,,2026-07-20,Live search sorted toward newest results,Bayt,B,Recognized job platform,Platform,65,Medium,,https://www.bayt.com/en/kuwait/jobs/Enterprise%20Architect-jobs/,"GCC live-search pack. This is a live search link, not one fixed vacancy."
job-00496,Platform-Indexed Vacancy,job,Enterprise Architect — Bayt Live Search,Oman,Oman,Live Job Search,Live Job Search,Technology & Consulting,GCC,Oman,Live / varies,Possibly Available,,,2026-07-20,Live search sorted toward newest results,Bayt,B,Recognized job platform,Platform,65,Medium,,https://www.bayt.com/en/oman/jobs/Enterprise%20Architect-jobs/,"GCC live-search pack. This is a live search link, not one fixed vacancy."
job-00571,Platform-Indexed Vacancy,job,Enterprise Architect — Bayt Live Search,Bahrain,Bahrain,Live Job Search,Live Job Search,Technology & Consulting,GCC,Bahrain,Live / varies,Possibly Available,,,2026-07-20,Live search sorted toward newest results,Bayt,B,Recognized job platform,Platform,65,Medium,,https://www.bayt.com/en/bahrain/jobs/Enterprise%20Architect-jobs/,"GCC live-search pack. This is a live search link, not one fixed vacancy."
job-00020,Platform-Indexed Vacancy,job,Enterprise Architect — Google Live Search,Egypt,Egypt,Live Job Search,Live Job Search,Technology & Consulting,Egypt,Egypt,Live / varies,Possibly Available,,,2026-07-20,Live search sorted toward newest results,Google,B,Direct organization or specialist source,Direct,65,Medium,,https://www.google.com/search?q=Egypt+Enterprise+Architect+jobs+posted+this+week,"Egypt live-search pack. This is a live search link, not one fixed vacancy."
job-00195,Platform-Indexed Vacancy,job,Enterprise Architect — GulfTalent Live Search,Saudi Arabia,Saudi Arabia,Live Job Search,Live Job Search,Technology & Consulting,GCC,Saudi Arabia,Live / varies,Possibly Available,,,2026-07-20,Live search sorted toward newest results,GulfTalent,B,Recognized job platform,Platform,65,Medium,,https://www.gulftalent.com/jobs?keywords=Enterprise+Architect,"GCC live-search pack. This is a live search link, not one fixed vacancy."
job-00270,Platform-Indexed Vacancy,job,Enterprise Architect — GulfTalent Live Search,United Arab Emirates,United Arab Emirates,Live Job Search,Live Job Search,Technology & Consulting,GCC,United Arab Emirates,Live / varies,Possibly Available,,,2026-07-20,Live search sorted toward newest results,GulfTalent,B,Recognized job platform,Platform,65,Medium,,https://www.gulftalent.com/jobs?keywords=Enterprise+Architect,"GCC live-search pack. This is a live search link, not one fixed vacancy."
job-00345,Platform-Indexed Vacancy,job,Enterprise Architect — GulfTalent Live Search,Qatar,Qatar,Live Job Search,Live Job Search,Technology & Consulting,GCC,Qatar,Live / varies,Possibly Available,,,2026-07-20,Live search sorted toward newest results,GulfTalent,B,Recognized job platform,Platform,65,Medium,,https://www.gulftalent.com/jobs?keywords=Enterprise+Architect,"GCC live-search pack. This is a live search link, not one fixed vacancy."
job-00420,Platform-Indexed Vacancy,job,Enterprise Architect — GulfTalent Live Search,Kuwait,Kuwait,Live Job Search,Live Job Search,Technology & Consulting,GCC,Kuwait,Live / varies,Possibly Available,,,2026-07-20,Live search sorted toward newest results,GulfTalent,B,Recognized job platform,Platform,65,Medium,,https://www.gulftalent.com/jobs?keywords=Enterprise+Architect,"GCC live-search pack. This is a live search link, not one fixed vacancy."
job-00495,Platform-Indexed Vacancy,job,Enterprise Architect — GulfTalent Live Search,Oman,Oman,Live Job Search,Live Job Search,Technology & Consulting,GCC,Oman,Live / varies,Possibly Available,,,2026-07-20,Live search sorted toward newest results,GulfTalent,B,Recognized job platform,Platform,65,Medium,,https://www.gulftalent.com/jobs?keywords=Enterprise+Architect,"GCC live-search pack. This is a live search link, not one fixed vacancy."
job-00570,Platform-Indexed Vacancy,job,Enterprise Architect — GulfTalent Live Search,Bahrain,Bahrain,Live Job Search,Live Job Search,Technology & Consulting,GCC,Bahrain,Live / varies,Possibly Available,,,2026-07-20,Live search sorted toward newest results,GulfTalent,B,Recognized job platform,Platform,65,Medium,,https://www.gulftalent.com/jobs?keywords=Enterprise+Architect,"GCC live-search pack. This is a live search link, not one fixed vacancy."
job-00017,Platform-Indexed Vacancy,job,Enterprise Architect — LinkedIn Live Search,Egypt,Egypt,Live Job Search,Live Job Search,Technology & Consulting,Egypt,Egypt,Live / varies,Possibly Available,,,2026-07-20,Live search sorted toward newest results,LinkedIn,B,Recognized job platform,Platform,65,Medium,,https://www.linkedin.com/jobs/search/?keywords=Enterprise+Architect&sortBy=DD&location=Egypt,"Egypt live-search pack. This is a live search link, not one fixed vacancy."
job-00194,Platform-Indexed Vacancy,job,Enterprise Architect — LinkedIn Live Search,Saudi Arabia,Saudi Arabia,Live Job Search,Live Job Search,Technology & Consulting,GCC,Saudi Arabia,Live / varies,Possibly Available,,,2026-07-20,Live search sorted toward newest results,LinkedIn,B,Recognized job platform,Platform,65,Medium,,https://www.linkedin.com/jobs/search/?keywords=Enterprise+Architect&sortBy=DD&location=Saudi+Arabia,"GCC live-search pack. This is a live search link, not one fixed vacancy."
job-00269,Platform-Indexed Vacancy,job,Enterprise Architect — LinkedIn Live Search,United Arab Emirates,United Arab Emirates,Live Job Search,Live Job Search,Technology & Consulting,GCC,United Arab Emirates,Live / varies,Possibly Available,,,2026-07-20,Live search sorted toward newest results,LinkedIn,B,Recognized job platform,Platform,65,Medium,,https://www.linkedin.com/jobs/search/?keywords=Enterprise+Architect&sortBy=DD&location=United+Arab+Emirates,"GCC live-search pack. This is a live search link, not one fixed vacancy."
job-00344,Platform-Indexed Vacancy,job,Enterprise Architect — LinkedIn Live Search,Qatar,Qatar,Live Job Search,Live Job Search,Technology & Consulting,GCC,Qatar,Live / varies,Possibly Available,,,2026-07-20,Live search sorted toward newest results,LinkedIn,B,Recognized job platform,Platform,65,Medium,,https://www.linkedin.com/jobs/search/?keywords=Enterprise+Architect&sortBy=DD&location=Qatar,"GCC live-search pack. This is a live search link, not one fixed vacancy."
job-00419,Platform-Indexed Vacancy,job,Enterprise Architect — LinkedIn Live Search,Kuwait,Kuwait,Live Job Search,Live Job Search,Technology & Consulting,GCC,Kuwait,Live / varies,Possibly Available,,,2026-07-20,Live search sorted toward newest results,LinkedIn,B,Recognized job platform,Platform,65,Medium,,https://www.linkedin.com/jobs/search/?keywords=Enterprise+Architect&sortBy=DD&location=Kuwait,"GCC live-search pack. This is a live search link, not one fixed vacancy."
job-00494,Platform-Indexed Vacancy,job,Enterprise Architect — LinkedIn Live Search,Oman,Oman,Live Job Search,Live Job Search,Technology & Consulting,GCC,Oman,Live / varies,Possibly Available,,,2026-07-20,Live search sorted toward newest results,LinkedIn,B,Recognized job platform,Platform,65,Medium,,https://www.linkedin.com/jobs/search/?keywords=Enterprise+Architect&sortBy=DD&location=Oman,"GCC live-search pack. This is a live search link, not one fixed vacancy."
job-00569,Platform-Indexed Vacancy,job,Enterprise Architect — LinkedIn Live Search,Bahrain,Bahrain,Live Job Search,Live Job Search,Technology & Consulting,GCC,Bahrain,Live / varies,Possibly Available,,,2026-07-20,Live search sorted toward newest results,LinkedIn,B,Recognized job platform,Platform,65,Medium,,https://www.linkedin.com/jobs/search/?keywords=Enterprise+Architect&sortBy=DD&location=Bahrain,"GCC live-search pack. This is a live search link, not one fixed vacancy."
job-00018,Platform-Indexed Vacancy,job,Enterprise Architect — Wuzzuf Live Search,Egypt,Egypt,Live Job Search,Live Job Search,Technology & Consulting,Egypt,Egypt,Live / varies,Possibly Available,,,2026-07-20,Live search sorted toward newest results,Wuzzuf,B,Recognized job platform,Platform,65,Medium,,https://wuzzuf.net/search/jobs/?q=Enterprise+Architect&a=navbl,"Egypt live-search pack. This is a live search link, not one fixed vacancy."
job-00031,Platform-Indexed Vacancy,job,IT Director — Bayt Live Search,Egypt,Egypt,Live Job Search,Live Job Search,Other Multinational & Enterprise,Egypt,Egypt,Live / varies,Possibly Available,,,2026-07-20,Live search sorted toward newest results,Bayt,B,Recognized job platform,Platform,65,Medium,,https://www.bayt.com/en/egypt/jobs/IT%20Director-jobs/,"Egypt live-search pack. This is a live search link, not one fixed vacancy."
job-00205,Platform-Indexed Vacancy,job,IT Director — Bayt Live Search,Saudi Arabia,Saudi Arabia,Live Job Search,Live Job Search,Other Multinational & Enterprise,GCC,Saudi Arabia,Live / varies,Possibly Available,,,2026-07-20,Live search sorted toward newest results,Bayt,B,Recognized job platform,Platform,65,Medium,,https://www.bayt.com/en/saudi-arabia/jobs/IT%20Director-jobs/,"GCC live-search pack. This is a live search link, not one fixed vacancy."
job-00280,Platform-Indexed Vacancy,job,IT Director — Bayt Live Search,United Arab Emirates,United Arab Emirates,Live Job Search,Live Job Search,Other Multinational & Enterprise,GCC,United Arab Emirates,Live / varies,Possibly Available,,,2026-07-20,Live search sorted toward newest results,Bayt,B,Recognized job platform,Platform,65,Medium,,https://www.bayt.com/en/united-arab-emirates/jobs/IT%20Director-jobs/,"GCC live-search pack. This is a live search link, not one fixed vacancy."
job-00355,Platform-Indexed Vacancy,job,IT Director — Bayt Live Search,Qatar,Qatar,Live Job Search,Live Job Search,Other Multinational & Enterprise,GCC,Qatar,Live / varies,Possibly Available,,,2026-07-20,Live search sorted toward newest results,Bayt,B,Recognized job platform,Platform,65,Medium,,https://www.bayt.com/en/qatar/jobs/IT%20Director-jobs/,"GCC live-search pack. This is a live search link, not one fixed vacancy."
job-00430,Platform-Indexed Vacancy,job,IT Director — Bayt Live Search,Kuwait,Kuwait,Live Job Search,Live Job Search,Other Multinational & Enterprise,GCC,Kuwait,Live / varies,Possibly Available,,,2026-07-20,Live search sorted toward newest results,Bayt,B,Recognized job platform,Platform,65,Medium,,https://www.bayt.com/en/kuwait/jobs/IT%20Director-jobs/,"GCC live-search pack. This is a live search link, not one fixed vacancy."
job-00505,Platform-Indexed Vacancy,job,IT Director — Bayt Live Search,Oman,Oman,Live Job Search,Live Job Search,Other Multinational & Enterprise,GCC,Oman,Live / varies,Possibly Available,,,2026-07-20,Live search sorted toward newest results,Bayt,B,Recognized job platform,Platform,65,Medium,,https://www.bayt.com/en/oman/jobs/IT%20Director-jobs/,"GCC live-search pack. This is a live search link, not one fixed vacancy."
job-00580,Platform-Indexed Vacancy,job,IT Director — Bayt Live Search,Bahrain,Bahrain,Live Job Search,Live Job Search,Other Multinational & Enterprise,GCC,Bahrain,Live / varies,Possibly Available,,,2026-07-20,Live search sorted toward newest results,Bayt,B,Recognized job platform,Platform,65,Medium,,https://www.bayt.com/en/bahrain/jobs/IT%20Director-jobs/,"GCC live-search pack. This is a live search link, not one fixed vacancy."
job-00032,Platform-Indexed Vacancy,job,IT Director — Google Live Search,Egypt,Egypt,Live Job Search,Live Job Search,Other Multinational & Enterprise,Egypt,Egypt,Live / varies,Possibly Available,,,2026-07-20,Live search sorted toward newest results,Google,B,Direct organization or specialist source,Direct,65,Medium,,https://www.google.com/search?q=Egypt+IT+Director+jobs+posted+this+week,"Egypt live-search pack. This is a live search link, not one fixed vacancy."
job-00204,Platform-Indexed Vacancy,job,IT Director — GulfTalent Live Search,Saudi Arabia,Saudi Arabia,Live Job Search,Live Job Search,Other Multinational & Enterprise,GCC,Saudi Arabia,Live / varies,Possibly Available,,,2026-07-20,Live search sorted toward newest results,GulfTalent,B,Recognized job platform,Platform,65,Medium,,https://www.gulftalent.com/jobs?keywords=IT+Director,"GCC live-search pack. This is a live search link, not one fixed vacancy."
job-00279,Platform-Indexed Vacancy,job,IT Director — GulfTalent Live Search,United Arab Emirates,United Arab Emirates,Live Job Search,Live Job Search,Other Multinational & Enterprise,GCC,United Arab Emirates,Live / varies,Possibly Available,,,2026-07-20,Live search sorted toward newest results,GulfTalent,B,Recognized job platform,Platform,65,Medium,,https://www.gulftalent.com/jobs?keywords=IT+Director,"GCC live-search pack. This is a live search link, not one fixed vacancy."
job-00354,Platform-Indexed Vacancy,job,IT Director — GulfTalent Live Search,Qatar,Qatar,Live Job Search,Live Job Search,Other Multinational & Enterprise,GCC,Qatar,Live / varies,Possibly Available,,,2026-07-20,Live search sorted toward newest results,GulfTalent,B,Recognized job platform,Platform,65,Medium,,https://www.gulftalent.com/jobs?keywords=IT+Director,"GCC live-search pack. This is a live search link, not one fixed vacancy."
job-00429,Platform-Indexed Vacancy,job,IT Director — GulfTalent Live Search,Kuwait,Kuwait,Live Job Search,Live Job Search,Other Multinational & Enterprise,GCC,Kuwait,Live / varies,Possibly Available,,,2026-07-20,Live search sorted toward newest results,GulfTalent,B,Recognized job platform,Platform,65,Medium,,https://www.gulftalent.com/jobs?keywords=IT+Director,"GCC live-search pack. This is a live search link, not one fixed vacancy."
job-00504,Platform-Indexed Vacancy,job,IT Director — GulfTalent Live Search,Oman,Oman,Live Job Search,Live Job Search,Other Multinational & Enterprise,GCC,Oman,Live / varies,Possibly Available,,,2026-07-20,Live search sorted toward newest results,GulfTalent,B,Recognized job platform,Platform,65,Medium,,https://www.gulftalent.com/jobs?keywords=IT+Director,"GCC live-search pack. This is a live search link, not one fixed vacancy."
job-00579,Platform-Indexed Vacancy,job,IT Director — GulfTalent Live Search,Bahrain,Bahrain,Live Job Search,Live Job Search,Other Multinational & Enterprise,GCC,Bahrain,Live / varies,Possibly Available,,,2026-07-20,Live search sorted toward newest results,GulfTalent,B,Recognized job platform,Platform,65,Medium,,https://www.gulftalent.com/jobs?keywords=IT+Director,"GCC live-search pack. This is a live search link, not one fixed vacancy."
job-00029,Platform-Indexed Vacancy,job,IT Director — LinkedIn Live Search,Egypt,Egypt,Live Job Search,Live Job Search,Other Multinational & Enterprise,Egypt,Egypt,Live / varies,Possibly Available,,,2026-07-20,Live search sorted toward newest results,LinkedIn,B,Recognized job platform,Platform,65,Medium,,https://www.linkedin.com/jobs/search/?keywords=IT+Director&sortBy=DD&location=Egypt,"Egypt live-search pack. This is a live search link, not one fixed vacancy."
job-00203,Platform-Indexed Vacancy,job,IT Director — LinkedIn Live Search,Saudi Arabia,Saudi Arabia,Live Job Search,Live Job Search,Other Multinational & Enterprise,GCC,Saudi Arabia,Live / varies,Possibly Available,,,2026-07-20,Live search sorted toward newest results,LinkedIn,B,Recognized job platform,Platform,65,Medium,,https://www.linkedin.com/jobs/search/?keywords=IT+Director&sortBy=DD&location=Saudi+Arabia,"GCC live-search pack. This is a live search link, not one fixed vacancy."
job-00278,Platform-Indexed Vacancy,job,IT Director — LinkedIn Live Search,United Arab Emirates,United Arab Emirates,Live Job Search,Live Job Search,Other Multinational & Enterprise,GCC,United Arab Emirates,Live / varies,Possibly Available,,,2026-07-20,Live search sorted toward newest results,LinkedIn,B,Recognized job platform,Platform,65,Medium,,https://www.linkedin.com/jobs/search/?keywords=IT+Director&sortBy=DD&location=United+Arab+Emirates,"GCC live-search pack. This is a live search link, not one fixed vacancy."
job-00353,Platform-Indexed Vacancy,job,IT Director — LinkedIn Live Search,Qatar,Qatar,Live Job Search,Live Job Search,Other Multinational & Enterprise,GCC,Qatar,Live / varies,Possibly Available,,,2026-07-20,Live search sorted toward newest results,LinkedIn,B,Recognized job platform,Platform,65,Medium,,https://www.linkedin.com/jobs/search/?keywords=IT+Director&sortBy=DD&location=Qatar,"GCC live-search pack. This is a live search link, not one fixed vacancy."
job-00428,Platform-Indexed Vacancy,job,IT Director — LinkedIn Live Search,Kuwait,Kuwait,Live Job Search,Live Job Search,Other Multinational & Enterprise,GCC,Kuwait,Live / varies,Possibly Available,,,2026-07-20,Live search sorted toward newest results,LinkedIn,B,Recognized job platform,Platform,65,Medium,,https://www.linkedin.com/jobs/search/?keywords=IT+Director&sortBy=DD&location=Kuwait,"GCC live-search pack. This is a live search link, not one fixed vacancy."
job-00503,Platform-Indexed Vacancy,job,IT Director — LinkedIn Live Search,Oman,Oman,Live Job Search,Live Job Search,Other Multinational & Enterprise,GCC,Oman,Live / varies,Possibly Available,,,2026-07-20,Live search sorted toward newest results,LinkedIn,B,Recognized job platform,Platform,65,Medium,,https://www.linkedin.com/jobs/search/?keywords=IT+Director&sortBy=DD&location=Oman,"GCC live-search pack. This is a live search link, not one fixed vacancy."
job-00578,Platform-Indexed Vacancy,job,IT Director — LinkedIn Live Search,Bahrain,Bahrain,Live Job Search,Live Job Search,Other Multinational & Enterprise,GCC,Bahrain,Live / varies,Possibly Available,,,2026-07-20,Live search sorted toward newest results,LinkedIn,B,Recognized job platform,Platform,65,Medium,,https://www.linkedin.com/jobs/search/?keywords=IT+Director&sortBy=DD&location=Bahrain,"GCC live-search pack. This is a live search link, not one fixed vacancy."
job-00030,Platform-Indexed Vacancy,job,IT Director — Wuzzuf Live Search,Egypt,Egypt,Live Job Search,Live Job Search,Other Multinational & Enterprise,Egypt,Egypt,Live / varies,Possibly Available,,,2026-07-20,Live search sorted toward newest results,Wuzzuf,B,Recognized job platform,Platform,65,Medium,,https://wuzzuf.net/search/jobs/?q=IT+Director&a=navbl,"Egypt live-search pack. This is a live search link, not one fixed vacancy."
job-00014,Platform-Indexed Vacancy,job,Solution Architect - Technical Governance Lead,Konecta,Konecta,Solution Architecture,Solution Architecture,Other Multinational & Enterprise,Egypt,Egypt,New Cairo,Possibly Available,2026-07-06,,2026-07-20,Listed 2 weeks ago,LinkedIn current search,B,Recognized job platform,Platform,65,Medium,,https://www.linkedin.com/jobs/konecta-jobs-worldwide?f_AL=true,"Verify eligibility, deadline and work authorization on the linked source before applying."
job-00071,Platform-Indexed Vacancy,job,Technical Program Manager — Bayt Live Search,Egypt,Egypt,Live Job Search,Live Job Search,Other Multinational & Enterprise,Egypt,Egypt,Live / varies,Possibly Available,,,2026-07-20,Live search sorted toward newest results,Bayt,B,Recognized job platform,Platform,65,Medium,,https://www.bayt.com/en/egypt/jobs/Technical%20Program%20Manager-jobs/,"Egypt live-search pack. This is a live search link, not one fixed vacancy."
job-00235,Platform-Indexed Vacancy,job,Technical Program Manager — Bayt Live Search,Saudi Arabia,Saudi Arabia,Live Job Search,Live Job Search,Other Multinational & Enterprise,GCC,Saudi Arabia,Live / varies,Possibly Available,,,2026-07-20,Live search sorted toward newest results,Bayt,B,Recognized job platform,Platform,65,Medium,,https://www.bayt.com/en/saudi-arabia/jobs/Technical%20Program%20Manager-jobs/,"GCC live-search pack. This is a live search link, not one fixed vacancy."
job-00310,Platform-Indexed Vacancy,job,Technical Program Manager — Bayt Live Search,United Arab Emirates,United Arab Emirates,Live Job Search,Live Job Search,Other Multinational & Enterprise,GCC,United Arab Emirates,Live / varies,Possibly Available,,,2026-07-20,Live search sorted toward newest results,Bayt,B,Recognized job platform,Platform,65,Medium,,https://www.bayt.com/en/united-arab-emirates/jobs/Technical%20Program%20Manager-jobs/,"GCC live-search pack. This is a live search link, not one fixed vacancy."
job-00385,Platform-Indexed Vacancy,job,Technical Program Manager — Bayt Live Search,Qatar,Qatar,Live Job Search,Live Job Search,Other Multinational & Enterprise,GCC,Qatar,Live / varies,Possibly Available,,,2026-07-20,Live search sorted toward newest results,Bayt,B,Recognized job platform,Platform,65,Medium,,https://www.bayt.com/en/qatar/jobs/Technical%20Program%20Manager-jobs/,"GCC live-search pack. This is a live search link, not one fixed vacancy."
job-00460,Platform-Indexed Vacancy,job,Technical Program Manager — Bayt Live Search,Kuwait,Kuwait,Live Job Search,Live Job Search,Other Multinational & Enterprise,GCC,Kuwait,Live / varies,Possibly Available,,,2026-07-20,Live search sorted toward newest results,Bayt,B,Recognized job platform,Platform,65,Medium,,https://www.bayt.com/en/kuwait/jobs/Technical%20Program%20Manager-jobs/,"GCC live-search pack. This is a live search link, not one fixed vacancy."
job-00535,Platform-Indexed Vacancy,job,Technical Program Manager — Bayt Live Search,Oman,Oman,Live Job Search,Live Job Search,Other Multinational & Enterprise,GCC,Oman,Live / varies,Possibly Available,,,2026-07-20,Live search sorted toward newest results,Bayt,B,Recognized job platform,Platform,65,Medium,,https://www.bayt.com/en/oman/jobs/Technical%20Program%20Manager-jobs/,"GCC live-search pack. This is a live search link, not one fixed vacancy."
job-00610,Platform-Indexed Vacancy,job,Technical Program Manager — Bayt Live Search,Bahrain,Bahrain,Live Job Search,Live Job Search,Other Multinational & Enterprise,GCC,Bahrain,Live / varies,Possibly Available,,,2026-07-20,Live search sorted toward newest results,Bayt,B,Recognized job platform,Platform,65,Medium,,https://www.bayt.com/en/bahrain/jobs/Technical%20Program%20Manager-jobs/,"GCC live-search pack. This is a live search link, not one fixed vacancy."
job-00072,Platform-Indexed Vacancy,job,Technical Program Manager — Google Live Search,Egypt,Egypt,Live Job Search,Live Job Search,Other Multinational & Enterprise,Egypt,Egypt,Live / varies,Possibly Available,,,2026-07-20,Live search sorted toward newest results,Google,B,Direct organization or specialist source,Direct,65,Medium,,https://www.google.com/search?q=Egypt+Technical+Program+Manager+jobs+posted+this+week,"Egypt live-search pack. This is a live search link, not one fixed vacancy."
job-00234,Platform-Indexed Vacancy,job,Technical Program Manager — GulfTalent Live Search,Saudi Arabia,Saudi Arabia,Live Job Search,Live Job Search,Other Multinational & Enterprise,GCC,Saudi Arabia,Live / varies,Possibly Available,,,2026-07-20,Live search sorted toward newest results,GulfTalent,B,Recognized job platform,Platform,65,Medium,,https://www.gulftalent.com/jobs?keywords=Technical+Program+Manager,"GCC live-search pack. This is a live search link, not one fixed vacancy."
job-00309,Platform-Indexed Vacancy,job,Technical Program Manager — GulfTalent Live Search,United Arab Emirates,United Arab Emirates,Live Job Search,Live Job Search,Other Multinational & Enterprise,GCC,United Arab Emirates,Live / varies,Possibly Available,,,2026-07-20,Live search sorted toward newest results,GulfTalent,B,Recognized job platform,Platform,65,Medium,,https://www.gulftalent.com/jobs?keywords=Technical+Program+Manager,"GCC live-search pack. This is a live search link, not one fixed vacancy."
job-00384,Platform-Indexed Vacancy,job,Technical Program Manager — GulfTalent Live Search,Qatar,Qatar,Live Job Search,Live Job Search,Other Multinational & Enterprise,GCC,Qatar,Live / varies,Possibly Available,,,2026-07-20,Live search sorted toward newest results,GulfTalent,B,Recognized job platform,Platform,65,Medium,,https://www.gulftalent.com/jobs?keywords=Technical+Program+Manager,"GCC live-search pack. This is a live search link, not one fixed vacancy."
job-00459,Platform-Indexed Vacancy,job,Technical Program Manager — GulfTalent Live Search,Kuwait,Kuwait,Live Job Search,Live Job Search,Other Multinational & Enterprise,GCC,Kuwait,Live / varies,Possibly Available,,,2026-07-20,Live search sorted toward newest results,GulfTalent,B,Recognized job platform,Platform,65,Medium,,https://www.gulftalent.com/jobs?keywords=Technical+Program+Manager,"GCC live-search pack. This is a live search link, not one fixed vacancy."
job-00534,Platform-Indexed Vacancy,job,Technical Program Manager — GulfTalent Live Search,Oman,Oman,Live Job Search,Live Job Search,Other Multinational & Enterprise,GCC,Oman,Live / varies,Possibly Available,,,2026-07-20,Live search sorted toward newest results,GulfTalent,B,Recognized job platform,Platform,65,Medium,,https://www.gulftalent.com/jobs?keywords=Technical+Program+Manager,"GCC live-search pack. This is a live search link, not one fixed vacancy."
job-00609,Platform-Indexed Vacancy,job,Technical Program Manager — GulfTalent Live Search,Bahrain,Bahrain,Live Job Search,Live Job Search,Other Multinational & Enterprise,GCC,Bahrain,Live / varies,Possibly Available,,,2026-07-20,Live search sorted toward newest results,GulfTalent,B,Recognized job platform,Platform,65,Medium,,https://www.gulftalent.com/jobs?keywords=Technical+Program+Manager,"GCC live-search pack. This is a live search link, not one fixed vacancy."
job-00069,Platform-Indexed Vacancy,job,Technical Program Manager — LinkedIn Live Search,Egypt,Egypt,Live Job Search,Live Job Search,Other Multinational & Enterprise,Egypt,Egypt,Live / varies,Possibly Available,,,2026-07-20,Live search sorted toward newest results,LinkedIn,B,Recognized job platform,Platform,65,Medium,,https://www.linkedin.com/jobs/search/?keywords=Technical+Program+Manager&sortBy=DD&location=Egypt,"Egypt live-search pack. This is a live search link, not one fixed vacancy."
job-00233,Platform-Indexed Vacancy,job,Technical Program Manager — LinkedIn Live Search,Saudi Arabia,Saudi Arabia,Live Job Search,Live Job Search,Other Multinational & Enterprise,GCC,Saudi Arabia,Live / varies,Possibly Available,,,2026-07-20,Live search sorted toward newest results,LinkedIn,B,Recognized job platform,Platform,65,Medium,,https://www.linkedin.com/jobs/search/?keywords=Technical+Program+Manager&sortBy=DD&location=Saudi+Arabia,"GCC live-search pack. This is a live search link, not one fixed vacancy."
job-00308,Platform-Indexed Vacancy,job,Technical Program Manager — LinkedIn Live Search,United Arab Emirates,United Arab Emirates,Live Job Search,Live Job Search,Other Multinational & Enterprise,GCC,United Arab Emirates,Live / varies,Possibly Available,,,2026-07-20,Live search sorted toward newest results,LinkedIn,B,Recognized job platform,Platform,65,Medium,,https://www.linkedin.com/jobs/search/?keywords=Technical+Program+Manager&sortBy=DD&location=United+Arab+Emirates,"GCC live-search pack. This is a live search link, not one fixed vacancy."
job-00383,Platform-Indexed Vacancy,job,Technical Program Manager — LinkedIn Live Search,Qatar,Qatar,Live Job Search,Live Job Search,Other Multinational & Enterprise,GCC,Qatar,Live / varies,Possibly Available,,,2026-07-20,Live search sorted toward newest results,LinkedIn,B,Recognized job platform,Platform,65,Medium,,https://www.linkedin.com/jobs/search/?keywords=Technical+Program+Manager&sortBy=DD&location=Qatar,"GCC live-search pack. This is a live search link, not one fixed vacancy."
job-00458,Platform-Indexed Vacancy,job,Technical Program Manager — LinkedIn Live Search,Kuwait,Kuwait,Live Job Search,Live Job Search,Other Multinational & Enterprise,GCC,Kuwait,Live / varies,Possibly Available,,,2026-07-20,Live search sorted toward newest results,LinkedIn,B,Recognized job platform,Platform,65,Medium,,https://www.linkedin.com/jobs/search/?keywords=Technical+Program+Manager&sortBy=DD&location=Kuwait,"GCC live-search pack. This is a live search link, not one fixed vacancy."
job-00533,Platform-Indexed Vacancy,job,Technical Program Manager — LinkedIn Live Search,Oman,Oman,Live Job Search,Live Job Search,Other Multinational & Enterprise,GCC,Oman,Live / varies,Possibly Available,,,2026-07-20,Live search sorted toward newest results,LinkedIn,B,Recognized job platform,Platform,65,Medium,,https://www.linkedin.com/jobs/search/?keywords=Technical+Program+Manager&sortBy=DD&location=Oman,"GCC live-search pack. This is a live search link, not one fixed vacancy."
job-00608,Platform-Indexed Vacancy,job,Technical Program Manager — LinkedIn Live Search,Bahrain,Bahrain,Live Job Search,Live Job Search,Other Multinational & Enterprise,GCC,Bahrain,Live / varies,Possibly Available,,,2026-07-20,Live search sorted toward newest results,LinkedIn,B,Recognized job platform,Platform,65,Medium,,https://www.linkedin.com/jobs/search/?keywords=Technical+Program+Manager&sortBy=DD&location=Bahrain,"GCC live-search pack. This is a live search link, not one fixed vacancy."
job-00070,Platform-Indexed Vacancy,job,Technical Program Manager — Wuzzuf Live Search,Egypt,Egypt,Live Job Search,Live Job Search,Other Multinational & Enterprise,Egypt,Egypt,Live / varies,Possibly Available,,,2026-07-20,Live search sorted toward newest results,Wuzzuf,B,Recognized job platform,Platform,65,Medium,,https://wuzzuf.net/search/jobs/?q=Technical+Program+Manager&a=navbl,"Egypt live-search pack. This is a live search link, not one fixed vacancy."
job-00039,Platform-Indexed Vacancy,job,Technology Director — Bayt Live Search,Egypt,Egypt,Live Job Search,Live Job Search,Technology & Consulting,Egypt,Egypt,Live / varies,Possibly Available,,,2026-07-20,Live search sorted toward newest results,Bayt,B,Recognized job platform,Platform,65,Medium,,https://www.bayt.com/en/egypt/jobs/Technology%20Director-jobs/,"Egypt live-search pack. This is a live search link, not one fixed vacancy."
job-00211,Platform-Indexed Vacancy,job,Technology Director — Bayt Live Search,Saudi Arabia,Saudi Arabia,Live Job Search,Live Job Search,Technology & Consulting,GCC,Saudi Arabia,Live / varies,Possibly Available,,,2026-07-20,Live search sorted toward newest results,Bayt,B,Recognized job platform,Platform,65,Medium,,https://www.bayt.com/en/saudi-arabia/jobs/Technology%20Director-jobs/,"GCC live-search pack. This is a live search link, not one fixed vacancy."
job-00286,Platform-Indexed Vacancy,job,Technology Director — Bayt Live Search,United Arab Emirates,United Arab Emirates,Live Job Search,Live Job Search,Technology & Consulting,GCC,United Arab Emirates,Live / varies,Possibly Available,,,2026-07-20,Live search sorted toward newest results,Bayt,B,Recognized job platform,Platform,65,Medium,,https://www.bayt.com/en/united-arab-emirates/jobs/Technology%20Director-jobs/,"GCC live-search pack. This is a live search link, not one fixed vacancy."
job-00361,Platform-Indexed Vacancy,job,Technology Director — Bayt Live Search,Qatar,Qatar,Live Job Search,Live Job Search,Technology & Consulting,GCC,Qatar,Live / varies,Possibly Available,,,2026-07-20,Live search sorted toward newest results,Bayt,B,Recognized job platform,Platform,65,Medium,,https://www.bayt.com/en/qatar/jobs/Technology%20Director-jobs/,"GCC live-search pack. This is a live search link, not one fixed vacancy."
job-00436,Platform-Indexed Vacancy,job,Technology Director — Bayt Live Search,Kuwait,Kuwait,Live Job Search,Live Job Search,Technology & Consulting,GCC,Kuwait,Live / varies,Possibly Available,,,2026-07-20,Live search sorted toward newest results,Bayt,B,Recognized job platform,Platform,65,Medium,,https://www.bayt.com/en/kuwait/jobs/Technology%20Director-jobs/,"GCC live-search pack. This is a live search link, not one fixed vacancy."
job-00511,Platform-Indexed Vacancy,job,Technology Director — Bayt Live Search,Oman,Oman,Live Job Search,Live Job Search,Technology & Consulting,GCC,Oman,Live / varies,Possibly Available,,,2026-07-20,Live search sorted toward newest results,Bayt,B,Recognized job platform,Platform,65,Medium,,https://www.bayt.com/en/oman/jobs/Technology%20Director-jobs/,"GCC live-search pack. This is a live search link, not one fixed vacancy."
job-00586,Platform-Indexed Vacancy,job,Technology Director — Bayt Live Search,Bahrain,Bahrain,Live Job Search,Live Job Search,Technology & Consulting,GCC,Bahrain,Live / varies,Possibly Available,,,2026-07-20,Live search sorted toward newest results,Bayt,B,Recognized job platform,Platform,65,Medium,,https://www.bayt.com/en/bahrain/jobs/Technology%20Director-jobs/,"GCC live-search pack. This is a live search link, not one fixed vacancy."
job-00040,Platform-Indexed Vacancy,job,Technology Director — Google Live Search,Egypt,Egypt,Live Job Search,Live Job Search,Technology & Consulting,Egypt,Egypt,Live / varies,Possibly Available,,,2026-07-20,Live search sorted toward newest results,Google,B,Direct organization or specialist source,Direct,65,Medium,,https://www.google.com/search?q=Egypt+Technology+Director+jobs+posted+this+week,"Egypt live-search pack. This is a live search link, not one fixed vacancy."
job-00210,Platform-Indexed Vacancy,job,Technology Director — GulfTalent Live Search,Saudi Arabia,Saudi Arabia,Live Job Search,Live Job Search,Technology & Consulting,GCC,Saudi Arabia,Live / varies,Possibly Available,,,2026-07-20,Live search sorted toward newest results,GulfTalent,B,Recognized job platform,Platform,65,Medium,,https://www.gulftalent.com/jobs?keywords=Technology+Director,"GCC live-search pack. This is a live search link, not one fixed vacancy."
job-00285,Platform-Indexed Vacancy,job,Technology Director — GulfTalent Live Search,United Arab Emirates,United Arab Emirates,Live Job Search,Live Job Search,Technology & Consulting,GCC,United Arab Emirates,Live / varies,Possibly Available,,,2026-07-20,Live search sorted toward newest results,GulfTalent,B,Recognized job platform,Platform,65,Medium,,https://www.gulftalent.com/jobs?keywords=Technology+Director,"GCC live-search pack. This is a live search link, not one fixed vacancy."
job-00360,Platform-Indexed Vacancy,job,Technology Director — GulfTalent Live Search,Qatar,Qatar,Live Job Search,Live Job Search,Technology & Consulting,GCC,Qatar,Live / varies,Possibly Available,,,2026-07-20,Live search sorted toward newest results,GulfTalent,B,Recognized job platform,Platform,65,Medium,,https://www.gulftalent.com/jobs?keywords=Technology+Director,"GCC live-search pack. This is a live search link, not one fixed vacancy."
job-00435,Platform-Indexed Vacancy,job,Technology Director — GulfTalent Live Search,Kuwait,Kuwait,Live Job Search,Live Job Search,Technology & Consulting,GCC,Kuwait,Live / varies,Possibly Available,,,2026-07-20,Live search sorted toward newest results,GulfTalent,B,Recognized job platform,Platform,65,Medium,,https://www.gulftalent.com/jobs?keywords=Technology+Director,"GCC live-search pack. This is a live search link, not one fixed vacancy."
job-00510,Platform-Indexed Vacancy,job,Technology Director — GulfTalent Live Search,Oman,Oman,Live Job Search,Live Job Search,Technology & Consulting,GCC,Oman,Live / varies,Possibly Available,,,2026-07-20,Live search sorted toward newest results,GulfTalent,B,Recognized job platform,Platform,65,Medium,,https://www.gulftalent.com/jobs?keywords=Technology+Director,"GCC live-search pack. This is a live search link, not one fixed vacancy."
job-00585,Platform-Indexed Vacancy,job,Technology Director — GulfTalent Live Search,Bahrain,Bahrain,Live Job Search,Live Job Search,Technology & Consulting,GCC,Bahrain,Live / varies,Possibly Available,,,2026-07-20,Live search sorted toward newest results,GulfTalent,B,Recognized job platform,Platform,65,Medium,,https://www.gulftalent.com/jobs?keywords=Technology+Director,"GCC live-search pack. This is a live search link, not one fixed vacancy."
job-00037,Platform-Indexed Vacancy,job,Technology Director — LinkedIn Live Search,Egypt,Egypt,Live Job Search,Live Job Search,Technology & Consulting,Egypt,Egypt,Live / varies,Possibly Available,,,2026-07-20,Live search sorted toward newest results,LinkedIn,B,Recognized job platform,Platform,65,Medium,,https://www.linkedin.com/jobs/search/?keywords=Technology+Director&sortBy=DD&location=Egypt,"Egypt live-search pack. This is a live search link, not one fixed vacancy."
job-00209,Platform-Indexed Vacancy,job,Technology Director — LinkedIn Live Search,Saudi Arabia,Saudi Arabia,Live Job Search,Live Job Search,Technology & Consulting,GCC,Saudi Arabia,Live / varies,Possibly Available,,,2026-07-20,Live search sorted toward newest results,LinkedIn,B,Recognized job platform,Platform,65,Medium,,https://www.linkedin.com/jobs/search/?keywords=Technology+Director&sortBy=DD&location=Saudi+Arabia,"GCC live-search pack. This is a live search link, not one fixed vacancy."
job-00284,Platform-Indexed Vacancy,job,Technology Director — LinkedIn Live Search,United Arab Emirates,United Arab Emirates,Live Job Search,Live Job Search,Technology & Consulting,GCC,United Arab Emirates,Live / varies,Possibly Available,,,2026-07-20,Live search sorted toward newest results,LinkedIn,B,Recognized job platform,Platform,65,Medium,,https://www.linkedin.com/jobs/search/?keywords=Technology+Director&sortBy=DD&location=United+Arab+Emirates,"GCC live-search pack. This is a live search link, not one fixed vacancy."
job-00359,Platform-Indexed Vacancy,job,Technology Director — LinkedIn Live Search,Qatar,Qatar,Live Job Search,Live Job Search,Technology & Consulting,GCC,Qatar,Live / varies,Possibly Available,,,2026-07-20,Live search sorted toward newest results,LinkedIn,B,Recognized job platform,Platform,65,Medium,,https://www.linkedin.com/jobs/search/?keywords=Technology+Director&sortBy=DD&location=Qatar,"GCC live-search pack. This is a live search link, not one fixed vacancy."
job-00434,Platform-Indexed Vacancy,job,Technology Director — LinkedIn Live Search,Kuwait,Kuwait,Live Job Search,Live Job Search,Technology & Consulting,GCC,Kuwait,Live / varies,Possibly Available,,,2026-07-20,Live search sorted toward newest results,LinkedIn,B,Recognized job platform,Platform,65,Medium,,https://www.linkedin.com/jobs/search/?keywords=Technology+Director&sortBy=DD&location=Kuwait,"GCC live-search pack. This is a live search link, not one fixed vacancy."
job-00509,Platform-Indexed Vacancy,job,Technology Director — LinkedIn Live Search,Oman,Oman,Live Job Search,Live Job Search,Technology & Consulting,GCC,Oman,Live / varies,Possibly Available,,,2026-07-20,Live search sorted toward newest results,LinkedIn,B,Recognized job platform,Platform,65,Medium,,https://www.linkedin.com/jobs/search/?keywords=Technology+Director&sortBy=DD&location=Oman,"GCC live-search pack. This is a live search link, not one fixed vacancy."
job-00584,Platform-Indexed Vacancy,job,Technology Director — LinkedIn Live Search,Bahrain,Bahrain,Live Job Search,Live Job Search,Technology & Consulting,GCC,Bahrain,Live / varies,Possibly Available,,,2026-07-20,Live search sorted toward newest results,LinkedIn,B,Recognized job platform,Platform,65,Medium,,https://www.linkedin.com/jobs/search/?keywords=Technology+Director&sortBy=DD&location=Bahrain,"GCC live-search pack. This is a live search link, not one fixed vacancy."
job-00038,Platform-Indexed Vacancy,job,Technology Director — Wuzzuf Live Search,Egypt,Egypt,Live Job Search,Live Job Search,Technology & Consulting,Egypt,Egypt,Live / varies,Possibly Available,,,2026-07-20,Live search sorted toward newest results,Wuzzuf,B,Recognized job platform,Platform,65,Medium,,https://wuzzuf.net/search/jobs/?q=Technology+Director&a=navbl,"Egypt live-search pack. This is a live search link, not one fixed vacancy."
