id,record_type,category,title,organization,subtitle,role_family,type,industry,region,country,location,availability_status,published_date,expiry_date,last_checked,posted_text,source,source_quality,source_quality_label,verification_level,match_score,fit,priority_tier,url,notes
company-01450,Employer Career Page,company,ACWA Power,Energy & Utilities,Energy & Utilities,Energy & Infrastructure,Energy & Infrastructure,Energy & Infrastructure,Egypt · GCC · Africa,Egypt · GCC · Africa,,Career Page Available,,,2026-07-24,,Official employer careers,A,Official employer career page,Official / curated,61,Medium,Priority 1,https://careers.acwapower.com/,"Power, water, renewables, digital and project delivery"
company-01812,Employer Career Page,company,ACWA Power,Employer career search,Employer career search,Energy & Infrastructure,Energy & Infrastructure,Energy & Infrastructure,Egypt · GCC · Africa,Egypt · GCC · Africa,,Career Page Available,,,2026-07-24,,Official employer careers,A,Official employer career page,Official / curated,61,Medium,Priority 1,https://careers.acwapower.com/,"Power, water, renewables, digital and project delivery"
company-01465,Employer Career Page,company,ADNOC,Energy,Energy,Energy & Infrastructure,Energy & Infrastructure,Energy & Infrastructure,UAE · GCC,UAE · GCC,,Career Page Available,,,2026-07-24,,Official employer careers,A,Official employer career page,Official / curated,61,Medium,Priority 1,https://jobs.adnoc.ae/,"Energy, digital, data, supply chain and major projects"
company-01822,Employer Career Page,company,ADNOC,Employer career search,Employer career search,Energy & Infrastructure,Energy & Infrastructure,Energy & Infrastructure,UAE · GCC,UAE · GCC,,Career Page Available,,,2026-07-24,,Official employer careers,A,Official employer career page,Official / curated,61,Medium,Priority 1,https://jobs.adnoc.ae/,"Energy, digital, data, supply chain and major projects"
company-02141,Employer Career Page,company,Baker Hughes,Energy Technology,Energy Technology,Energy Technology,Energy Technology,Energy Technology,Egypt · GCC · Africa,Egypt · GCC · Africa,,Career Page Available,,,2026-07-24,,Official employer careers,A,Official employer career page,Official / curated,82,High,Priority 1,https://careers.bakerhughes.com/,"Energy technology, digital, data, supply chain and projects"
company-02136,Employer Career Page,company,bp,Energy & Infrastructure,Energy & Infrastructure,Energy & Infrastructure,Energy & Infrastructure,Energy & Infrastructure,Egypt · GCC · Africa,Egypt · GCC · Africa,,Career Page Available,,,2026-07-24,,Official employer careers,A,Official employer career page,Official / curated,82,High,Priority 1,https://www.bp.com/en/global/corporate/careers.html,"Energy, digital, data, supply chain and major projects"
company-01391,Employer Career Page,company,Elsewedy Electric,Energy & Industrial,Energy & Industrial,Energy & Infrastructure,Energy & Infrastructure,Energy & Infrastructure,Egypt · GCC · Africa,Egypt · GCC · Africa,,Career Page Available,,,2026-07-24,,Official employer careers,A,Official employer career page,Official / curated,61,Medium,Priority 1,https://www.elsewedyelectric.com/en/careers,"Energy, infrastructure, digital, manufacturing and projects"
company-01844,Employer Career Page,company,Elsewedy Electric,Employer career search,Employer career search,Energy & Infrastructure,Energy & Infrastructure,Energy & Infrastructure,Egypt · GCC · Africa,Egypt · GCC · Africa,,Career Page Available,,,2026-07-24,,Official employer careers,A,Official employer career page,Official / curated,61,Medium,Priority 1,https://www.elsewedyelectric.com/en/careers,"Energy, infrastructure, digital, manufacturing and projects"
company-02137,Employer Career Page,company,ExxonMobil,Energy & Infrastructure,Energy & Infrastructure,Energy & Infrastructure,Energy & Infrastructure,Energy & Infrastructure,Egypt · GCC · Africa,Egypt · GCC · Africa,,Career Page Available,,,2026-07-24,,Official employer careers,A,Official employer career page,Official / curated,82,High,Priority 1,https://jobs.exxonmobil.com/,"Energy, technology, data, supply chain and operations"
company-02142,Employer Career Page,company,GE Vernova,Energy Technology,Energy Technology,Energy Technology,Energy Technology,Energy Technology,Egypt · GCC · Africa,Egypt · GCC · Africa,,Career Page Available,,,2026-07-24,,Official employer careers,A,Official employer career page,Official / curated,82,High,Priority 1,https://careers.gevernova.com/,"Energy technology, grid, software, digital and project delivery"
company-02143,Employer Career Page,company,Halliburton,Energy Technology,Energy Technology,Energy Technology,Energy Technology,Energy Technology,Egypt · GCC · Africa,Egypt · GCC · Africa,,Career Page Available,,,2026-07-24,,Official employer careers,A,Official employer career page,Official / curated,82,High,Priority 1,https://jobs.halliburton.com/,"Energy services, technology, digital, data and operations"
company-02144,Employer Career Page,company,Hitachi Energy,Energy Technology,Energy Technology,Energy Technology,Energy Technology,Energy Technology,Egypt · GCC · Africa,Egypt · GCC · Africa,,Career Page Available,,,2026-07-24,,Official employer careers,A,Official employer career page,Official / curated,82,High,Priority 1,https://www.hitachienergy.com/careers,"Grid technology, digital, data and project delivery"
company-01468,Employer Career Page,company,Masdar,Renewable Energy,Renewable Energy,Energy & Infrastructure,Energy & Infrastructure,Energy & Infrastructure,Egypt · GCC · Africa,Egypt · GCC · Africa,,Career Page Available,,,2026-07-24,,Official employer careers,A,Official employer career page,Official / curated,61,Medium,Priority 1,https://masdar.ae/en/careers,"Renewable energy, digital, data and project delivery"
company-01824,Employer Career Page,company,Masdar,Employer career search,Employer career search,Energy & Infrastructure,Energy & Infrastructure,Energy & Infrastructure,Egypt · GCC · Africa,Egypt · GCC · Africa,,Career Page Available,,,2026-07-24,,Official employer careers,A,Official employer career page,Official / curated,61,Medium,Priority 1,https://masdar.ae/en/careers,"Renewable energy, digital, data and project delivery"
company-01493,Employer Career Page,company,QatarEnergy,Energy,Energy,Energy & Infrastructure,Energy & Infrastructure,Energy & Infrastructure,Qatar · GCC,Qatar · GCC,,Career Page Available,,,2026-07-24,,Official employer careers,A,Official employer career page,Official / curated,61,Medium,Priority 1,https://careers.qatarenergy.qa/,"Energy, digital, data, supply chain and major projects"
company-01831,Employer Career Page,company,QatarEnergy,Employer career search,Employer career search,Energy & Infrastructure,Energy & Infrastructure,Energy & Infrastructure,Qatar · GCC,Qatar · GCC,,Career Page Available,,,2026-07-24,,Official employer careers,A,Official employer career page,Official / curated,61,Medium,Priority 1,https://careers.qatarenergy.qa/,"Energy, digital, data, supply chain and major projects"
company-02138,Employer Career Page,company,QatarEnergy,Energy & Infrastructure,Energy & Infrastructure,Energy & Infrastructure,Energy & Infrastructure,Energy & Infrastructure,Qatar · GCC,Qatar · GCC,,Career Page Available,,,2026-07-24,,Official employer careers,A,Official employer career page,Official / curated,61,Medium,Priority 1,https://careers.qatarenergy.qa/,"Energy, digital, data, supply chain and major projects"
company-01429,Employer Career Page,company,Saudi Aramco,Energy,Energy,Energy & Infrastructure,Energy & Infrastructure,Energy & Infrastructure,Saudi Arabia · GCC,Saudi Arabia · GCC,,Career Page Available,,,2026-07-24,,Official employer careers,A,Official employer career page,Official / curated,52,Low,Priority 1,https://www.aramco.com/en/careers,"Energy, digital, data, supply chain and major projects"
company-02139,Employer Career Page,company,Shell,Energy & Infrastructure,Energy & Infrastructure,Energy & Infrastructure,Energy & Infrastructure,Energy & Infrastructure,Egypt · GCC · Africa,Egypt · GCC · Africa,,Career Page Available,,,2026-07-24,,Official employer careers,A,Official employer career page,Official / curated,82,High,Priority 1,https://www.shell.com/careers.html,"Energy, digital, data, supply chain, projects and technology"
company-02145,Employer Career Page,company,SLB,Energy Technology,Energy Technology,Energy Technology,Energy Technology,Energy Technology,Egypt · GCC · Africa,Egypt · GCC · Africa,,Career Page Available,,,2026-07-24,,Official employer careers,A,Official employer career page,Official / curated,82,High,Priority 1,https://careers.slb.com/,"Energy technology, digital, data, operations and projects"
company-02140,Employer Career Page,company,TotalEnergies,Energy & Infrastructure,Energy & Infrastructure,Energy & Infrastructure,Energy & Infrastructure,Energy & Infrastructure,Egypt · GCC · Africa,Egypt · GCC · Africa,,Career Page Available,,,2026-07-24,,Official employer careers,A,Official employer career page,Official / curated,82,High,Priority 1,https://careers.totalenergies.com/,"Energy, digital, data, supply chain and projects"
company-01865,Employer Career Page,company,Abdul Latif Jameel,Employer career search,Employer career search,Energy & Industrial,Energy & Industrial,Automotive & Mobility,Global / Regional,Multiple,,Career Page Available,,,2026-07-20,,,B,Recognized job platform,Platform,61,Medium,Directory,https://www.linkedin.com/jobs/search/?keywords=Abdul+Latif+Jameel&sortBy=DD,"Search current technology, transformation, architecture, programme and data roles."
company-01876,Employer Career Page,company,Agility Logistics,Employer career search,Employer career search,Energy & Industrial,Energy & Industrial,Supply Chain & Logistics,Global / Regional,Multiple,,Career Page Available,,,2026-07-20,,,B,Recognized job platform,Platform,61,Medium,Directory,https://www.linkedin.com/jobs/search/?keywords=Agility+Logistics&sortBy=DD,"Search current technology, transformation, architecture, programme and data roles."
company-01549,Employer Career Page,company,Akwa Group,Energy & Diversified,Energy & Diversified,"Energy, Utilities & Mining","Energy, Utilities & Mining",Energy & Infrastructure,Africa,Morocco,,Career Page Available,,,2026-07-20,,,B,Direct organization or specialist source,Direct,50,Low,Directory,https://akwagroup.com/,
company-01868,Employer Career Page,company,Al Ghurair,Employer career search,Employer career search,Energy & Industrial,Energy & Industrial,Automotive & Mobility,Global / Regional,Multiple,,Career Page Available,,,2026-07-20,,,B,Recognized job platform,Platform,61,Medium,Directory,https://www.linkedin.com/jobs/search/?keywords=Al+Ghurair&sortBy=DD,"Search current technology, transformation, architecture, programme and data roles."
company-01525,Employer Career Page,company,Aluminium Bahrain,Industrial,Industrial,Manufacturing & Industrial,Manufacturing & Industrial,Energy & Infrastructure,GCC & Middle East,Bahrain,,Career Page Available,,,2026-07-20,,,B,Direct organization or specialist source,Direct,52,Low,Directory,https://www.albasmelter.com/careers/,"Search current technology, transformation, architecture, programme and data roles."
company-01842,Employer Career Page,company,Aluminium Bahrain,Employer career search,Employer career search,Manufacturing & Industrial,Manufacturing & Industrial,Energy & Infrastructure,GCC & Middle East,Bahrain,,Career Page Available,,,2026-07-20,,,B,Direct organization or specialist source,Direct,52,Low,Directory,https://www.linkedin.com/jobs/search/?keywords=Aluminium+Bahrain&sortBy=DD,"Search current technology, transformation, architecture, programme and data roles."
company-01584,Employer Career Page,company,Anglo American,Mining,Mining,"Energy, Utilities & Mining","Energy, Utilities & Mining",Energy & Infrastructure,Africa,South Africa / Global,,Career Page Available,,,2026-07-20,,,B,Direct organization or specialist source,Direct,52,Low,Directory,https://www.angloamerican.com/careers,"Search current technology, transformation, architecture, programme and data roles."
company-01886,Employer Career Page,company,Anglo American,Employer career search,Employer career search,"Energy, Utilities & Mining","Energy, Utilities & Mining",Energy & Infrastructure,Africa,South Africa / Global,,Career Page Available,,,2026-07-20,,,B,Direct organization or specialist source,Direct,52,Low,Directory,https://www.linkedin.com/jobs/search/?keywords=Anglo+American&sortBy=DD,"Search current technology, transformation, architecture, programme and data roles."
company-01853,Employer Career Page,company,Arab Contractors,Employer career search,Employer career search,Energy & Industrial,Energy & Industrial,Automotive & Mobility,Global / Regional,Multiple,,Career Page Available,,,2026-07-20,,,B,Recognized job platform,Platform,64,Medium,Directory,https://www.linkedin.com/jobs/search/?keywords=Arab+Contractors&sortBy=DD,"Search current technology, transformation, architecture, programme and data roles."
company-01418,Employer Career Page,company,Arabian Cement Company,Building Materials,Building Materials,Manufacturing & Industrial,Manufacturing & Industrial,Energy & Infrastructure,Egypt,Egypt,,Career Page Available,,,2026-07-20,,,B,Direct organization or specialist source,Direct,53,Low,Directory,https://www.arabiancement.com/,
company-01809,Employer Career Page,company,Aramco,Employer career search,Employer career search,Energy & Industrial,Energy & Industrial,Automotive & Mobility,Global / Regional,Multiple,,Career Page Available,,,2026-07-20,,,B,Recognized job platform,Platform,61,Medium,Directory,https://www.linkedin.com/jobs/search/?keywords=Aramco&sortBy=DD,"Search current technology, transformation, architecture, programme and data roles."
company-01524,Employer Career Page,company,Bapco Energies,Energy,Energy,"Energy, Utilities & Mining","Energy, Utilities & Mining",Energy & Infrastructure,GCC & Middle East,Bahrain,,Career Page Available,,,2026-07-20,,,B,Direct organization or specialist source,Direct,52,Low,Directory,https://www.bapcoenergies.com/careers/,"Search current technology, transformation, architecture, programme and data roles."
company-01841,Employer Career Page,company,BAPCO Energies,Employer career search,Employer career search,"Energy, Utilities & Mining","Energy, Utilities & Mining",Energy & Infrastructure,GCC & Middle East,Bahrain,,Career Page Available,,,2026-07-20,,,B,Direct organization or specialist source,Direct,52,Low,Directory,https://www.linkedin.com/jobs/search/?keywords=BAPCO+Energies&sortBy=DD,"Search current technology, transformation, architecture, programme and data roles."
company-01858,Employer Career Page,company,Beyti,Employer career search,Employer career search,Energy & Industrial,Energy & Industrial,Automotive & Mobility,Global / Regional,Multiple,,Career Page Available,,,2026-07-20,,,B,Recognized job platform,Platform,61,Medium,Directory,https://www.linkedin.com/jobs/search/?keywords=Beyti&sortBy=DD,"Search current technology, transformation, architecture, programme and data roles."
company-01827,Employer Career Page,company,Borouge,Employer career search,Employer career search,Energy & Industrial,Energy & Industrial,Automotive & Mobility,Global / Regional,Multiple,,Career Page Available,,,2026-07-20,,,B,Recognized job platform,Platform,61,Medium,Directory,https://www.linkedin.com/jobs/search/?keywords=Borouge&sortBy=DD,"Search current technology, transformation, architecture, programme and data roles."
company-01890,Employer Career Page,company,BUA Group,Employer career search,Employer career search,Energy & Industrial,Energy & Industrial,Automotive & Mobility,Global / Regional,Multiple,,Career Page Available,,,2026-07-20,,,B,Recognized job platform,Platform,61,Medium,Directory,https://www.linkedin.com/jobs/search/?keywords=BUA+Group&sortBy=DD,"Search current technology, transformation, architecture, programme and data roles."
company-01416,Employer Career Page,company,CEMEX Egypt,Building Materials,Building Materials,Manufacturing & Industrial,Manufacturing & Industrial,Energy & Infrastructure,Egypt,Egypt,,Career Page Available,,,2026-07-20,,,B,Direct organization or specialist source,Direct,53,Low,Directory,https://jobs.cemex.com/,
company-01554,Employer Career Page,company,Condor Electronics,Electronics & Manufacturing,Electronics & Manufacturing,Manufacturing & Industrial,Manufacturing & Industrial,Energy & Infrastructure,Africa,Algeria,,Career Page Available,,,2026-07-20,,,B,Direct organization or specialist source,Direct,50,Low,Directory,https://www.condor.dz/,
company-01585,Employer Career Page,company,De Beers Group,Mining,Mining,"Energy, Utilities & Mining","Energy, Utilities & Mining",Energy & Infrastructure,Africa,South Africa / Global,,Career Page Available,,,2026-07-20,,,B,Direct organization or specialist source,Direct,52,Low,Directory,https://www.debeersgroup.com/careers,
company-01828,Employer Career Page,company,DEWA,Employer career search,Employer career search,Energy & Industrial,Energy & Industrial,Automotive & Mobility,Global / Regional,Multiple,,Career Page Available,,,2026-07-20,,,B,Recognized job platform,Platform,61,Medium,Directory,https://www.linkedin.com/jobs/search/?keywords=DEWA&sortBy=DD,"Search current technology, transformation, architecture, programme and data roles."
company-01550,Employer Career Page,company,Dislog Group,Distribution & Industrial,Distribution & Industrial,Manufacturing & Industrial,Manufacturing & Industrial,Energy & Infrastructure,Africa,Morocco,,Career Page Available,,,2026-07-20,,,B,Direct organization or specialist source,Direct,50,Low,Directory,https://dislogroup.com/,
company-01843,Employer Career Page,company,Egyptian General Petroleum Corporation,Employer career search,Employer career search,Energy & Industrial,Energy & Industrial,Automotive & Mobility,Global / Regional,Multiple,,Career Page Available,,,2026-07-20,,,B,Recognized job platform,Platform,61,Medium,Directory,https://www.linkedin.com/jobs/search/?keywords=Egyptian+General+Petroleum+Corporation&sortBy=DD,"Search current technology, transformation, architecture, programme and data roles."
company-01826,Employer Career Page,company,Emirates Global Aluminium,Employer career search,Employer career search,Energy & Industrial,Energy & Industrial,Automotive & Mobility,Global / Regional,Multiple,,Career Page Available,,,2026-07-20,,,B,Recognized job platform,Platform,61,Medium,Directory,https://www.linkedin.com/jobs/search/?keywords=Emirates+Global+Aluminium&sortBy=DD,"Search current technology, transformation, architecture, programme and data roles."
company-01466,Employer Career Page,company,ENOC,Energy,Energy,"Energy, Utilities & Mining","Energy, Utilities & Mining",Energy & Infrastructure,GCC & Middle East,United Arab Emirates,,Career Page Available,,,2026-07-20,,,B,Direct organization or specialist source,Direct,52,Low,Directory,https://careers.enoc.com/,"Search current technology, transformation, architecture, programme and data roles."
company-01825,Employer Career Page,company,ENOC,Employer career search,Employer career search,"Energy, Utilities & Mining","Energy, Utilities & Mining",Energy & Infrastructure,GCC & Middle East,United Arab Emirates,,Career Page Available,,,2026-07-20,,,B,Direct organization or specialist source,Direct,52,Low,Directory,https://www.linkedin.com/jobs/search/?keywords=ENOC&sortBy=DD,"Search current technology, transformation, architecture, programme and data roles."
company-01884,Employer Career Page,company,Eskom,Employer career search,Employer career search,Energy & Industrial,Energy & Industrial,Automotive & Mobility,Global / Regional,Multiple,,Career Page Available,,,2026-07-20,,,B,Recognized job platform,Platform,61,Medium,Directory,https://www.linkedin.com/jobs/search/?keywords=Eskom&sortBy=DD,"Search current technology, transformation, architecture, programme and data roles."
company-01881,Employer Career Page,company,Ethiopian Airlines,Employer career search,Employer career search,Energy & Industrial,Energy & Industrial,Automotive & Mobility,Global / Regional,Multiple,,Career Page Available,,,2026-07-20,,,B,Recognized job platform,Platform,61,Medium,Directory,https://www.linkedin.com/jobs/search/?keywords=Ethiopian+Airlines&sortBy=DD,"Search current technology, transformation, architecture, programme and data roles."
company-01829,Employer Career Page,company,EWEC,Employer career search,Employer career search,Energy & Industrial,Energy & Industrial,Automotive & Mobility,Global / Regional,Multiple,,Career Page Available,,,2026-07-20,,,B,Recognized job platform,Platform,61,Medium,Directory,https://www.linkedin.com/jobs/search/?keywords=EWEC&sortBy=DD,"Search current technology, transformation, architecture, programme and data roles."
company-01850,Employer Career Page,company,Ezz Steel,Employer career search,Employer career search,Energy & Industrial,Energy & Industrial,Automotive & Mobility,Global / Regional,Multiple,,Career Page Available,,,2026-07-20,,,B,Recognized job platform,Platform,61,Medium,Directory,https://www.linkedin.com/jobs/search/?keywords=Ezz+Steel&sortBy=DD,"Search current technology, transformation, architecture, programme and data roles."
company-01586,Employer Career Page,company,Gold Fields,Mining,Mining,"Energy, Utilities & Mining","Energy, Utilities & Mining",Energy & Infrastructure,Africa,South Africa,,Career Page Available,,,2026-07-20,,,B,Direct organization or specialist source,Direct,50,Low,Directory,https://careers.goldfields.com/,"Search current technology, transformation, architecture, programme and data roles."
company-01887,Employer Career Page,company,Gold Fields,Employer career search,Employer career search,"Energy, Utilities & Mining","Energy, Utilities & Mining",Energy & Infrastructure,Africa,South Africa,,Career Page Available,,,2026-07-20,,,B,Direct organization or specialist source,Direct,50,Low,Directory,https://www.linkedin.com/jobs/search/?keywords=Gold+Fields&sortBy=DD,"Search current technology, transformation, architecture, programme and data roles."
company-01888,Employer Career Page,company,Harmony Gold,Employer career search,Employer career search,Energy & Industrial,Energy & Industrial,Automotive & Mobility,Global / Regional,Multiple,,Career Page Available,,,2026-07-20,,,B,Recognized job platform,Platform,61,Medium,Directory,https://www.linkedin.com/jobs/search/?keywords=Harmony+Gold&sortBy=DD,"Search current technology, transformation, architecture, programme and data roles."
company-01848,Employer Career Page,company,Infinity Power,Employer career search,Employer career search,Energy & Industrial,Energy & Industrial,Automotive & Mobility,Global / Regional,Multiple,,Career Page Available,,,2026-07-20,,,B,Recognized job platform,Platform,61,Medium,Directory,https://www.linkedin.com/jobs/search/?keywords=Infinity+Power&sortBy=DD,"Search current technology, transformation, architecture, programme and data roles."
company-01878,Employer Career Page,company,Jazeera Airways,Employer career search,Employer career search,Energy & Industrial,Energy & Industrial,Automotive & Mobility,Global / Regional,Multiple,,Career Page Available,,,2026-07-20,,,B,Recognized job platform,Platform,61,Medium,Directory,https://www.linkedin.com/jobs/search/?keywords=Jazeera+Airways&sortBy=DD,"Search current technology, transformation, architecture, programme and data roles."
company-01854,Employer Career Page,company,Juhayna,Employer career search,Employer career search,Energy & Industrial,Energy & Industrial,Automotive & Mobility,Global / Regional,Multiple,,Career Page Available,,,2026-07-20,,,B,Recognized job platform,Platform,61,Medium,Directory,https://www.linkedin.com/jobs/search/?keywords=Juhayna&sortBy=DD,"Search current technology, transformation, architecture, programme and data roles."
company-01894,Employer Career Page,company,KenGen,Employer career search,Employer career search,Energy & Industrial,Energy & Industrial,Automotive & Mobility,Global / Regional,Multiple,,Career Page Available,,,2026-07-20,,,B,Recognized job platform,Platform,61,Medium,Directory,https://www.linkedin.com/jobs/search/?keywords=KenGen&sortBy=DD,"Search current technology, transformation, architecture, programme and data roles."
company-01880,Employer Career Page,company,Kenya Airways,Employer career search,Employer career search,Energy & Industrial,Energy & Industrial,Automotive & Mobility,Global / Regional,Multiple,,Career Page Available,,,2026-07-20,,,B,Recognized job platform,Platform,61,Medium,Directory,https://www.linkedin.com/jobs/search/?keywords=Kenya+Airways&sortBy=DD,"Search current technology, transformation, architecture, programme and data roles."
company-01895,Employer Career Page,company,Kenya Power,Employer career search,Employer career search,Energy & Industrial,Energy & Industrial,Automotive & Mobility,Global / Regional,Multiple,,Career Page Available,,,2026-07-20,,,B,Recognized job platform,Platform,61,Medium,Directory,https://www.linkedin.com/jobs/search/?keywords=Kenya+Power&sortBy=DD,"Search current technology, transformation, architecture, programme and data roles."
company-01839,Employer Career Page,company,KNPC,Employer career search,Employer career search,Energy & Industrial,Energy & Industrial,Automotive & Mobility,Global / Regional,Multiple,,Career Page Available,,,2026-07-20,,,B,Recognized job platform,Platform,61,Medium,Directory,https://www.linkedin.com/jobs/search/?keywords=KNPC&sortBy=DD,"Search current technology, transformation, architecture, programme and data roles."
company-01896,Employer Career Page,company,KPLC,Employer career search,Employer career search,Energy & Industrial,Energy & Industrial,Automotive & Mobility,Global / Regional,Multiple,,Career Page Available,,,2026-07-20,,,B,Recognized job platform,Platform,61,Medium,Directory,https://www.linkedin.com/jobs/search/?keywords=KPLC&sortBy=DD,"Search current technology, transformation, architecture, programme and data roles."
company-01875,Employer Career Page,company,Kuwait Airways,Employer career search,Employer career search,Energy & Industrial,Energy & Industrial,Automotive & Mobility,Global / Regional,Multiple,,Career Page Available,,,2026-07-20,,,B,Recognized job platform,Platform,61,Medium,Directory,https://www.linkedin.com/jobs/search/?keywords=Kuwait+Airways&sortBy=DD,"Search current technology, transformation, architecture, programme and data roles."
company-01840,Employer Career Page,company,Kuwait Oil Company,Employer career search,Employer career search,Energy & Industrial,Energy & Industrial,Automotive & Mobility,Global / Regional,Multiple,,Career Page Available,,,2026-07-20,,,B,Recognized job platform,Platform,61,Medium,Directory,https://www.linkedin.com/jobs/search/?keywords=Kuwait+Oil+Company&sortBy=DD,"Search current technology, transformation, architecture, programme and data roles."
company-01838,Employer Career Page,company,Kuwait Petroleum Corporation,Employer career search,Employer career search,Energy & Industrial,Energy & Industrial,Automotive & Mobility,Global / Regional,Multiple,,Career Page Available,,,2026-07-20,,,B,Recognized job platform,Platform,61,Medium,Directory,https://www.linkedin.com/jobs/search/?keywords=Kuwait+Petroleum+Corporation&sortBy=DD,"Search current technology, transformation, architecture, programme and data roles."
company-01415,Employer Career Page,company,Lafarge Egypt,Building Materials,Building Materials,Manufacturing & Industrial,Manufacturing & Industrial,Energy & Infrastructure,Egypt,Egypt,,Career Page Available,,,2026-07-20,,,B,Direct organization or specialist source,Direct,53,Low,Directory,https://www.lafarge.com.eg/en/careers,"Search current technology, transformation, architecture, programme and data roles."
company-01852,Employer Career Page,company,Lafarge Egypt,Employer career search,Employer career search,Manufacturing & Industrial,Manufacturing & Industrial,Energy & Infrastructure,Egypt,Egypt,,Career Page Available,,,2026-07-20,,,B,Direct organization or specialist source,Direct,53,Low,Directory,https://www.linkedin.com/jobs/search/?keywords=Lafarge+Egypt&sortBy=DD,"Search current technology, transformation, architecture, programme and data roles."
company-01619,Employer Career Page,company,M-KOPA,FinTech & Energy,FinTech & Energy,Africa Digital & High-Growth,Africa Digital & High-Growth,Technology & Consulting,Africa,"Nairobi, Kenya",,Career Page Available,,,2026-07-20,,,B,Direct organization or specialist source,Direct,61,Medium,Directory,https://m-kopa.com/careers/,Technology Leadership | Platform Architecture | Digital Products | Data | Systems Integration
company-01451,Employer Career Page,company,Ma'aden,Mining,Mining,"Energy, Utilities & Mining","Energy, Utilities & Mining",Energy & Infrastructure,GCC & Middle East,Saudi Arabia,,Career Page Available,,,2026-07-20,,,B,Direct organization or specialist source,Direct,52,Low,Directory,https://careers.maaden.com.sa/,"Search current technology, transformation, architecture, programme and data roles."
company-01811,Employer Career Page,company,Maaden,Employer career search,Employer career search,"Energy, Utilities & Mining","Energy, Utilities & Mining",Energy & Infrastructure,GCC & Middle East,Saudi Arabia,,Career Page Available,,,2026-07-20,,,B,Direct organization or specialist source,Direct,52,Low,Directory,https://www.linkedin.com/jobs/search/?keywords=Maaden&sortBy=DD,"Search current technology, transformation, architecture, programme and data roles."
company-01857,Employer Career Page,company,Mansour Automotive,Employer career search,Employer career search,Energy & Industrial,Energy & Industrial,Automotive & Mobility,Global / Regional,Multiple,,Career Page Available,,,2026-07-20,,,B,Recognized job platform,Platform,61,Medium,Directory,https://www.linkedin.com/jobs/search/?keywords=Mansour+Automotive&sortBy=DD,"Search current technology, transformation, architecture, programme and data roles."
company-01861,Employer Career Page,company,NADEC,Employer career search,Employer career search,Energy & Industrial,Energy & Industrial,Automotive & Mobility,Global / Regional,Multiple,,Career Page Available,,,2026-07-20,,,B,Recognized job platform,Platform,61,Medium,Directory,https://www.linkedin.com/jobs/search/?keywords=NADEC&sortBy=DD,"Search current technology, transformation, architecture, programme and data roles."
company-01499,Employer Career Page,company,Nakilat,Shipping & Energy,Shipping & Energy,"Energy, Utilities & Mining","Energy, Utilities & Mining",Supply Chain & Logistics,GCC & Middle East,Qatar,,Career Page Available,,,2026-07-20,,,B,Direct organization or specialist source,Direct,52,Low,Directory,https://careers.nakilat.com/,"Search current technology, transformation, architecture, programme and data roles."
company-01834,Employer Career Page,company,Nakilat,Employer career search,Employer career search,"Energy, Utilities & Mining","Energy, Utilities & Mining",Supply Chain & Logistics,GCC & Middle East,Qatar,,Career Page Available,,,2026-07-20,,,B,Direct organization or specialist source,Direct,52,Low,Directory,https://www.linkedin.com/jobs/search/?keywords=Nakilat&sortBy=DD,"Search current technology, transformation, architecture, programme and data roles."
company-01607,Employer Career Page,company,Oando,Energy,Energy,"Energy, Utilities & Mining","Energy, Utilities & Mining",Energy & Infrastructure,Africa,Nigeria,,Career Page Available,,,2026-07-20,,,B,Direct organization or specialist source,Direct,50,Low,Directory,https://www.oandoplc.com/careers/,"Search current technology, transformation, architecture, programme and data roles."
company-01891,Employer Career Page,company,Oando,Employer career search,Employer career search,"Energy, Utilities & Mining","Energy, Utilities & Mining",Energy & Infrastructure,Africa,Nigeria,,Career Page Available,,,2026-07-20,,,B,Direct organization or specialist source,Direct,50,Low,Directory,https://www.linkedin.com/jobs/search/?keywords=Oando&sortBy=DD,"Search current technology, transformation, architecture, programme and data roles."
company-01835,Employer Career Page,company,Oman LNG,Employer career search,Employer career search,Energy & Industrial,Energy & Industrial,Automotive & Mobility,Global / Regional,Multiple,,Career Page Available,,,2026-07-20,,,B,Recognized job platform,Platform,61,Medium,Directory,https://www.linkedin.com/jobs/search/?keywords=Oman+LNG&sortBy=DD,"Search current technology, transformation, architecture, programme and data roles."
company-01508,Employer Career Page,company,OQ,Energy,Energy,"Energy, Utilities & Mining","Energy, Utilities & Mining",Energy & Infrastructure,GCC & Middle East,Oman,,Career Page Available,,,2026-07-20,,,B,Direct organization or specialist source,Direct,52,Low,Directory,https://careers.oq.com/,"Search current technology, transformation, architecture, programme and data roles."
company-01836,Employer Career Page,company,OQ,Employer career search,Employer career search,"Energy, Utilities & Mining","Energy, Utilities & Mining",Energy & Infrastructure,GCC & Middle East,Oman,,Career Page Available,,,2026-07-20,,,B,Direct organization or specialist source,Direct,52,Low,Directory,https://www.linkedin.com/jobs/search/?keywords=OQ&sortBy=DD,"Search current technology, transformation, architecture, programme and data roles."
company-01403,Employer Career Page,company,Oriental Weavers,Manufacturing,Manufacturing,Manufacturing & Industrial,Manufacturing & Industrial,Energy & Infrastructure,Egypt,Egypt,,Career Page Available,,,2026-07-20,,,B,Direct organization or specialist source,Direct,53,Low,Directory,https://orientalweavers.com/,
company-01837,Employer Career Page,company,PDO Petroleum Development Oman,Employer career search,Employer career search,Energy & Industrial,Energy & Industrial,Automotive & Mobility,Global / Regional,Multiple,,Career Page Available,,,2026-07-20,,,B,Recognized job platform,Platform,61,Medium,Directory,https://www.linkedin.com/jobs/search/?keywords=PDO+Petroleum+Development+Oman&sortBy=DD,"Search current technology, transformation, architecture, programme and data roles."
company-01820,Employer Career Page,company,Petro Rabigh,Employer career search,Employer career search,Energy & Industrial,Energy & Industrial,Automotive & Mobility,Global / Regional,Multiple,,Career Page Available,,,2026-07-20,,,B,Recognized job platform,Platform,61,Medium,Directory,https://www.linkedin.com/jobs/search/?keywords=Petro+Rabigh&sortBy=DD,"Search current technology, transformation, architecture, programme and data roles."
company-01832,Employer Career Page,company,QAFCO,Employer career search,Employer career search,Energy & Industrial,Energy & Industrial,Automotive & Mobility,Global / Regional,Multiple,,Career Page Available,,,2026-07-20,,,B,Recognized job platform,Platform,61,Medium,Directory,https://www.linkedin.com/jobs/search/?keywords=QAFCO&sortBy=DD,"Search current technology, transformation, architecture, programme and data roles."
company-01833,Employer Career Page,company,Qatar Electricity and Water Company,Employer career search,Employer career search,Energy & Industrial,Energy & Industrial,Automotive & Mobility,Global / Regional,Multiple,,Career Page Available,,,2026-07-20,,,B,Recognized job platform,Platform,61,Medium,Directory,https://www.linkedin.com/jobs/search/?keywords=Qatar+Electricity+and+Water+Company&sortBy=DD,"Search current technology, transformation, architecture, programme and data roles."
company-01816,Employer Career Page,company,Qiddiya Investment Company,Employer career search,Employer career search,Energy & Industrial,Energy & Industrial,Automotive & Mobility,Global / Regional,Multiple,,Career Page Available,,,2026-07-20,,,B,Recognized job platform,Platform,61,Medium,Directory,https://www.linkedin.com/jobs/search/?keywords=Qiddiya+Investment+Company&sortBy=DD,"Search current technology, transformation, architecture, programme and data roles."
company-01817,Employer Career Page,company,ROSHN,Employer career search,Employer career search,Energy & Industrial,Energy & Industrial,Automotive & Mobility,Global / Regional,Multiple,,Career Page Available,,,2026-07-20,,,B,Recognized job platform,Platform,61,Medium,Directory,https://www.linkedin.com/jobs/search/?keywords=ROSHN&sortBy=DD,"Search current technology, transformation, architecture, programme and data roles."
company-01879,Employer Career Page,company,Royal Jordanian,Employer career search,Employer career search,Energy & Industrial,Energy & Industrial,Automotive & Mobility,Global / Regional,Multiple,,Career Page Available,,,2026-07-20,,,B,Recognized job platform,Platform,61,Medium,Directory,https://www.linkedin.com/jobs/search/?keywords=Royal+Jordanian&sortBy=DD,"Search current technology, transformation, architecture, programme and data roles."
company-01583,Employer Career Page,company,Sasol,Energy & Chemicals,Energy & Chemicals,"Energy, Utilities & Mining","Energy, Utilities & Mining",Energy & Infrastructure,Africa,South Africa,,Career Page Available,,,2026-07-20,,,B,Direct organization or specialist source,Direct,50,Low,Directory,https://jobs.sasol.com/,"Search current technology, transformation, architecture, programme and data roles."
company-01885,Employer Career Page,company,Sasol,Employer career search,Employer career search,"Energy, Utilities & Mining","Energy, Utilities & Mining",Energy & Infrastructure,Africa,South Africa,,Career Page Available,,,2026-07-20,,,B,Direct organization or specialist source,Direct,50,Low,Directory,https://www.linkedin.com/jobs/search/?keywords=Sasol&sortBy=DD,"Search current technology, transformation, architecture, programme and data roles."
company-01452,Employer Career Page,company,Saudi Electricity Company,Utilities,Utilities,Diversified & Other Private Sector,Diversified & Other Private Sector,Other Multinational & Enterprise,GCC & Middle East,Saudi Arabia,,Career Page Available,,,2026-07-20,,,B,Direct organization or specialist source,Direct,56,Low,Directory,https://careers.se.com.sa/,
company-01819,Employer Career Page,company,Saudi Entertainment Ventures,Employer career search,Employer career search,Energy & Industrial,Energy & Industrial,Automotive & Mobility,Global / Regional,Multiple,,Career Page Available,,,2026-07-20,,,B,Recognized job platform,Platform,61,Medium,Directory,https://www.linkedin.com/jobs/search/?keywords=Saudi+Entertainment+Ventures&sortBy=DD,"Search current technology, transformation, architecture, programme and data roles."
company-01859,Employer Career Page,company,Savola Group,Employer career search,Employer career search,Energy & Industrial,Energy & Industrial,Automotive & Mobility,Global / Regional,Multiple,,Career Page Available,,,2026-07-20,,,B,Recognized job platform,Platform,61,Medium,Directory,https://www.linkedin.com/jobs/search/?keywords=Savola+Group&sortBy=DD,"Search current technology, transformation, architecture, programme and data roles."
company-01849,Employer Career Page,company,Scatec Egypt,Employer career search,Employer career search,Energy & Industrial,Energy & Industrial,Automotive & Mobility,Global / Regional,Multiple,,Career Page Available,,,2026-07-20,,,B,Recognized job platform,Platform,61,Medium,Directory,https://www.linkedin.com/jobs/search/?keywords=Scatec+Egypt&sortBy=DD,"Search current technology, transformation, architecture, programme and data roles."
company-01390,Employer Career Page,company,Schneider Electric Egypt,Energy Management & Automation,Energy Management & Automation,"Energy, Utilities & Mining","Energy, Utilities & Mining",Energy & Infrastructure,Egypt,Egypt,,Career Page Available,,,2026-07-20,,,B,Direct organization or specialist source,Direct,53,Low,Directory,https://www.se.com/ww/en/about-us/careers/job-search/,
company-01813,Employer Career Page,company,SEC Saudi Electricity Company,Employer career search,Employer career search,Energy & Industrial,Energy & Industrial,Automotive & Mobility,Global / Regional,Multiple,,Career Page Available,,,2026-07-20,,,B,Recognized job platform,Platform,61,Medium,Directory,https://www.linkedin.com/jobs/search/?keywords=SEC+Saudi+Electricity+Company&sortBy=DD,"Search current technology, transformation, architecture, programme and data roles."
company-01608,Employer Career Page,company,Seplat Energy,Energy,Energy,"Energy, Utilities & Mining","Energy, Utilities & Mining",Energy & Infrastructure,Africa,Nigeria,,Career Page Available,,,2026-07-20,,,B,Direct organization or specialist source,Direct,50,Low,Directory,https://www.seplatenergy.com/careers/,"Search current technology, transformation, architecture, programme and data roles."
company-01892,Employer Career Page,company,Seplat Energy,Employer career search,Employer career search,"Energy, Utilities & Mining","Energy, Utilities & Mining",Energy & Infrastructure,Africa,Nigeria,,Career Page Available,,,2026-07-20,,,B,Direct organization or specialist source,Direct,50,Low,Directory,https://www.linkedin.com/jobs/search/?keywords=Seplat+Energy&sortBy=DD,"Search current technology, transformation, architecture, programme and data roles."
company-01587,Employer Career Page,company,Sibanye-Stillwater,Mining,Mining,"Energy, Utilities & Mining","Energy, Utilities & Mining",Energy & Infrastructure,Africa,South Africa,,Career Page Available,,,2026-07-20,,,B,Direct organization or specialist source,Direct,50,Low,Directory,https://www.sibanyestillwater.com/careers/,
company-01863,Employer Career Page,company,Sipchem,Employer career search,Employer career search,Energy & Industrial,Energy & Industrial,Automotive & Mobility,Global / Regional,Multiple,,Career Page Available,,,2026-07-20,,,B,Recognized job platform,Platform,61,Medium,Directory,https://www.linkedin.com/jobs/search/?keywords=Sipchem&sortBy=DD,"Search current technology, transformation, architecture, programme and data roles."
company-01882,Employer Career Page,company,South African Airways,Employer career search,Employer career search,Energy & Industrial,Energy & Industrial,Automotive & Mobility,Global / Regional,Multiple,,Career Page Available,,,2026-07-20,,,B,Recognized job platform,Platform,61,Medium,Directory,https://www.linkedin.com/jobs/search/?keywords=South+African+Airways&sortBy=DD,"Search current technology, transformation, architecture, programme and data roles."
company-01417,Employer Career Page,company,Suez Cement,Building Materials,Building Materials,Manufacturing & Industrial,Manufacturing & Industrial,Energy & Infrastructure,Egypt,Egypt,,Career Page Available,,,2026-07-20,,,B,Direct organization or specialist source,Direct,53,Low,Directory,https://www.heidelbergmaterials.com/en/career,"Search current technology, transformation, architecture, programme and data roles."
company-01851,Employer Career Page,company,Suez Cement,Employer career search,Employer career search,Manufacturing & Industrial,Manufacturing & Industrial,Energy & Infrastructure,Egypt,Egypt,,Career Page Available,,,2026-07-20,,,B,Direct organization or specialist source,Direct,53,Low,Directory,https://www.linkedin.com/jobs/search/?keywords=Suez+Cement&sortBy=DD,"Search current technology, transformation, architecture, programme and data roles."
company-01467,Employer Career Page,company,TAQA,Energy & Utilities,Energy & Utilities,"Energy, Utilities & Mining","Energy, Utilities & Mining",Energy & Infrastructure,GCC & Middle East,United Arab Emirates,,Career Page Available,,,2026-07-20,,,B,Direct organization or specialist source,Direct,52,Low,Directory,https://careers.taqa.com/,"Search current technology, transformation, architecture, programme and data roles."
company-01823,Employer Career Page,company,TAQA,Employer career search,Employer career search,"Energy, Utilities & Mining","Energy, Utilities & Mining",Energy & Infrastructure,GCC & Middle East,United Arab Emirates,,Career Page Available,,,2026-07-20,,,B,Direct organization or specialist source,Direct,52,Low,Directory,https://www.linkedin.com/jobs/search/?keywords=TAQA&sortBy=DD,"Search current technology, transformation, architecture, programme and data roles."
company-01847,Employer Career Page,company,TAQA Arabia,Employer career search,Employer career search,Energy & Industrial,Energy & Industrial,Automotive & Mobility,Global / Regional,Multiple,,Career Page Available,,,2026-07-20,,,B,Recognized job platform,Platform,61,Medium,Directory,https://www.linkedin.com/jobs/search/?keywords=TAQA+Arabia&sortBy=DD,"Search current technology, transformation, architecture, programme and data roles."
company-01862,Employer Career Page,company,Tasnee,Employer career search,Employer career search,Energy & Industrial,Energy & Industrial,Automotive & Mobility,Global / Regional,Multiple,,Career Page Available,,,2026-07-20,,,B,Recognized job platform,Platform,61,Medium,Directory,https://www.linkedin.com/jobs/search/?keywords=Tasnee&sortBy=DD,"Search current technology, transformation, architecture, programme and data roles."
company-01898,Employer Career Page,company,TotalEnergies Marketing Africa,Employer career search,Employer career search,Energy & Industrial,Energy & Industrial,Automotive & Mobility,Global / Regional,Multiple,,Career Page Available,,,2026-07-20,,,B,Recognized job platform,Platform,61,Medium,Directory,https://www.linkedin.com/jobs/search/?keywords=TotalEnergies+Marketing+Africa&sortBy=DD,"Search current technology, transformation, architecture, programme and data roles."
company-01883,Employer Career Page,company,Transnet,Employer career search,Employer career search,Energy & Industrial,Energy & Industrial,Automotive & Mobility,Global / Regional,Multiple,,Career Page Available,,,2026-07-20,,,B,Recognized job platform,Platform,61,Medium,Directory,https://www.linkedin.com/jobs/search/?keywords=Transnet&sortBy=DD,"Search current technology, transformation, architecture, programme and data roles."
company-01625,Employer Career Page,company,Tullow Oil,Energy,Energy,"Energy, Utilities & Mining","Energy, Utilities & Mining",Energy & Infrastructure,Africa,Ghana / Global,,Career Page Available,,,2026-07-20,,,B,Direct organization or specialist source,Direct,52,Low,Directory,https://www.tullowoil.com/careers/,"Search current technology, transformation, architecture, programme and data roles."
company-01893,Employer Career Page,company,Tullow Oil,Employer career search,Employer career search,"Energy, Utilities & Mining","Energy, Utilities & Mining",Energy & Infrastructure,Africa,Ghana / Global,,Career Page Available,,,2026-07-20,,,B,Direct organization or specialist source,Direct,52,Low,Directory,https://www.linkedin.com/jobs/search/?keywords=Tullow+Oil&sortBy=DD,"Search current technology, transformation, architecture, programme and data roles."
company-01897,Employer Career Page,company,Vivo Energy,Employer career search,Employer career search,Energy & Industrial,Energy & Industrial,Automotive & Mobility,Global / Regional,Multiple,,Career Page Available,,,2026-07-20,,,B,Recognized job platform,Platform,61,Medium,Directory,https://www.linkedin.com/jobs/search/?keywords=Vivo+Energy&sortBy=DD,"Search current technology, transformation, architecture, programme and data roles."
company-01864,Employer Career Page,company,Zamil Industrial,Employer career search,Employer career search,Energy & Industrial,Energy & Industrial,Automotive & Mobility,Global / Regional,Multiple,,Career Page Available,,,2026-07-20,,,B,Recognized job platform,Platform,61,Medium,Directory,https://www.linkedin.com/jobs/search/?keywords=Zamil+Industrial&sortBy=DD,"Search current technology, transformation, architecture, programme and data roles."
