slug,title,page,score,priority,model,region,official_url,primary_url,headline,summary,cautions
fiverr,Fiverr,fiverr-platform.html,87,Priority 2,Service marketplace,Global / Remote,https://www.fiverr.com/,https://www.fiverr.com/categories/consulting-services,Enterprise Technology & Digital Transformation Consultant,Best used by packaging your expertise into clearly scoped consulting services rather than bidding on conventional job vacancies.,"Fiverr is seller-led. Success depends on service packaging, reviews, positioning and response speed."
freelancer,Freelancer.com,freelancer-platform.html,84,Priority 2,Project bidding marketplace,Global / Remote,https://www.freelancer.com/,https://www.freelancer.com/jobs/project-management/,"Enterprise Architect, Technology Program Manager & Digital Transformation Consultant","Useful for project-based consulting, cloud, architecture, program-management and enterprise-system engagements, but proposals must be filtered carefully to avoid low-value work.","Open bidding creates strong price competition. Confirm scope, client verification and milestone funding."
upwork,Upwork,upwork-platform.html,97,Priority 1,Freelance and consulting marketplace,Global / Remote,https://www.upwork.com/,https://www.upwork.com/freelance-jobs/technology-consulting/,"Enterprise Architecture, Healthcare Technology & Digital Transformation Consultant","The strongest general freelance platform for your profile because it supports senior consulting, technology strategy, software consulting, program management and long-term client engagements.",Connects and platform competition make indiscriminate proposals expensive. Apply selectively.
toptal,Toptal,toptal-platform.html,95,Priority 1,Vetted premium talent network,Global / Remote,https://www.toptal.com/,https://www.toptal.com/talent/apply,"Technology Executive, Enterprise Architect & Technical Project Manager","A premium target for senior consulting and project-management work. The selection process is demanding, but your 18+ years and enterprise-scale portfolio support a credible application.",Admission is selective and category-specific. Do not claim platform-specific expertise you cannot demonstrate.
contra,Contra,contra-platform.html,91,Priority 1,Independent-work platform,Global / Remote,https://contra.com/,https://contra.com/features/find-freelance-jobs,Enterprise Technology Consultant & Digital Transformation Advisor,"Strong for portfolio-led independent consulting, global project discovery, professional visibility, contracts and commission-free payments.",Some opportunity access and advanced visibility features may require a paid plan.
peopleperhour,PeoplePerHour,peopleperhour-platform.html,77,Monitor,Hourly and project marketplace,Global / Remote,https://www.peopleperhour.com/,https://www.peopleperhour.com/freelance-jobs,"Technology Strategy, Architecture & Project Delivery Consultant","A secondary source for consulting, software, IT and project-management assignments. Suitable opportunities exist, but average project sizes may be below your target level.",Use careful budget filtering and avoid competing for low-value commodity tasks.
guru,Guru,guru-platform.html,74,Monitor,Freelance job and quote marketplace,Global / Remote,https://www.guru.com/,https://www.guru.com/d/jobs/,"Enterprise Systems, Cloud & Program Management Consultant","Useful as a secondary project source for technology, cloud, software, operations and project-management work.","Client quality and project depth vary. Verify payment, scope and employer history."
flexjobs,FlexJobs,flexjobs-platform.html,94,Priority 1,Curated remote and flexible job board,Global / Remote,https://www.flexjobs.com/,https://www.flexjobs.com/remote-jobs/tech,"Senior Technology, Architecture & Digital Transformation Leader","A strong source for remote full-time, freelance, flexible and director-level technology roles, especially when you need curated remote listings.",Some features require membership. A remote label does not always mean worldwide eligibility.
wellfound,Wellfound,wellfound-platform.html,95,Priority 1,Startup and technology job marketplace,Global / Remote / Startups,https://wellfound.com/,https://wellfound.com/jobs,"CTO, Enterprise Architect & Digital Platform Leader","A high-priority source for startup CTO, Head of Technology, engineering-management, product, data, cloud and architecture roles with salary and equity visibility.","Many roles are geography-restricted or equity-heavy. Review funding, runway and compensation carefully."
weworkremotely,We Work Remotely,weworkremotely-platform.html,92,Priority 1,Remote job board,Global / Remote,https://weworkremotely.com/,https://weworkremotely.com/remote-jobs/all-jobs,"Remote Technology, Product & Program Leader","A strong remote board for technical program management, product, DevOps, infrastructure, software and management-consulting opportunities.",Many remote vacancies remain country or time-zone restricted despite appearing on a global board.
