id,title,arabic_name,category,region,country,profile_relevance,recommendation,availability_status,verification_level,url,use_case,notes
linkedin-post-platform-001,LinkedIn Jobs,لينكدإن للوظائف,Global Professional Network,Global,Global,99,Priority 1,Active Platform,Official,https://www.linkedin.com/jobs/,"Senior technology leadership, enterprise architecture, digital transformation, networking and direct employer applications.",Strongest platform for your profile because senior roles are often promoted through employer pages and professional networks.
linkedin-post-platform-002,Indeed Egypt,إنديد مصر,Global Job Board,Egypt / Global,Egypt,94,Priority 1,Active Platform,Official,https://eg.indeed.com/,"Technology, data, software, healthcare IT, remote and international employer vacancies.",Use exact senior-role keywords and verify whether the application is hosted by Indeed or redirects to the employer.
linkedin-post-platform-003,Glassdoor,جلاس دور,"Jobs, Reviews & Salaries",Global,Global,92,Priority 1,Active Platform,Official,https://www.glassdoor.com/,"Vacancy search, employer reviews, salary research and interview intelligence.","Best used alongside an official employer page to validate company reputation, salary and interview expectations."
linkedin-post-platform-004,WUZZUF,وظف,Egypt & MENA Job Board,Egypt / Saudi Arabia / MENA,Egypt,89,Priority 1,Active Platform,Official,https://wuzzuf.net/jobs,"Egypt and regional technology, management, architecture, data and program-delivery vacancies.",A major Egypt-focused recruitment platform with regional expansion.
linkedin-post-platform-005,LoopCV,لوب سي في,AI Job Search Automation,Global / Remote,Global,85,Priority 2,Active Platform,Official,https://www.loopcv.pro/,"Automated job discovery, matching, application tracking and optional auto-application.",Use strict filters and manual review for senior roles. Avoid uncontrolled high-volume applications that may reduce application quality.
linkedin-post-platform-006,Google Interview Warmup,جوجل للتدريب على المقابلات,Interview Preparation Tool,Global,Global,84,Priority 2,Active Tool,Official,https://grow.google/certificates/interview-warmup/,"Practice interview answers, review job-related terms and improve verbal delivery.",Career-preparation tool rather than a vacancy platform.
linkedin-post-platform-007,Workana,وركانا,Freelance & Remote Work,Global / Latin America / Remote,Global,76,Priority 2,Active Platform,Official,https://www.workana.com/work,"Remote consulting, IT, programming, data, DevOps, architecture and management projects.",Useful for consulting and project-based income rather than senior permanent executive employment.
linkedin-post-platform-008,Ureed,أُريد,MENA Freelance Marketplace,MENA / Remote,MENA,75,Priority 2,Active Platform,Official,https://ureed.com/,"Technology, AI, data, digital transformation and management consulting projects.",Strong regional freelance platform; position yourself as a senior technology and transformation consultant.
linkedin-post-platform-009,Forasna,فرصنا,Egypt Job Board,Egypt,Egypt,70,Monitor,Active Platform,Official,https://forasna.com/,Egypt vacancies across multiple sectors and employer sizes.,"Broad Egyptian job board. Use management, IT, systems and project keywords to avoid unrelated frontline results."
linkedin-post-platform-010,Nafezly,نفذلي,Arabic Freelance Marketplace,Arab Region / Remote,MENA,66,Monitor,Active Platform,Official,https://nafezly.com/,"Freelance software, architecture, business analysis, data and digital consulting projects.",Better suited to project-based work and portfolio building than executive permanent roles.
linkedin-post-platform-011,Khamsat,خمسات,Arabic Microservices Marketplace,Arab Region / Remote,MENA,60,Secondary,Active Platform,Official,https://khamsat.com/,"Sell focused digital, technology advisory, architecture-review, dashboard and documentation services.",Microservice marketplace; relevant mainly for small consulting packages and additional income.
linkedin-post-platform-012,Sabbar,صبّار,Saudi Recruitment Platform,Saudi Arabia,Saudi Arabia,58,Secondary,Active Platform,Official,https://sabbar.com/en/jobs,"Saudi full-time, part-time and flexible vacancies, including IT, project management and healthcare categories.","Mostly retail, service and operational roles; filter carefully for IT, software and project-management positions."
linkedin-post-platform-013,Tars Jobs,منصة ترس,Saudi Job Announcements,Saudi Arabia,Saudi Arabia,55,Secondary,Active Platform,Official / Recheck Each Job,https://jbscv.com/,"Government, private-sector and general Saudi vacancy announcements.",Vacancy-announcement aggregator. Verify every employer and application route before submitting personal data.
linkedin-post-platform-014,Taleek,طليق,Language Learning Tool,Global,Global,52,Career Support,Active Tool,Official,https://taleek.com/,Improve English and other languages for interviews and international opportunities.,"Career-support and language-learning tool, not a job platform."
linkedin-post-platform-015,PTway,بي تي واي,Saudi Part-Time Work,Saudi Arabia,Saudi Arabia,48,Low Priority,Active Platform,Official,https://ptway.net/,"Part-time, daily, contract and flexible roles including programming, operations and UX/UI.",Primarily part-time and flexible work; senior executive relevance is limited.
linkedin-post-platform-016,Shiftat,شفتات,Saudi Recruitment & Flexible Work,Saudi Arabia,Saudi Arabia,45,Low Priority,Active Platform,Official,https://shiftat.sa/,Saudi vacancies and recruitment support across sectors and cities.,Mainly recent-graduate and intermediate-experience recruitment; monitor only for technology leadership exceptions.
linkedin-post-platform-017,AS3A,أسعى,Saudi Flexible Work,Saudi Arabia / Egypt,Saudi Arabia,44,Low Priority,Active Platform,Official,https://as3a.com/,"Flexible, seasonal, shift-based and part-time employment.",Strong flexible-work platform but limited alignment with senior enterprise-technology roles.
linkedin-post-platform-018,Marn,مرن,Saudi Flexible Staffing,Saudi Arabia,Saudi Arabia,42,Low Priority,Active Platform,Official,https://marn.io/,"Hourly, seasonal, part-time and full-time staffing in retail, hospitality, logistics, healthcare and other sectors.",Monitor only for IT management or technology-enabled operations roles.
linkedin-post-platform-019,Wardiyyat,ورديات,Saudi Shift & Flexible Work,Saudi Arabia,Saudi Arabia,38,Low Priority,Active Platform,Official,https://wardiyyat.com/,"Temporary and part-time shifts across retail, hospitality, logistics, events and other industries.","Useful for flexible shift work, but not a primary source for senior technology leadership roles."
linkedin-post-platform-020,Part Time Platform,منصة بارت تايم,Saudi Part-Time Recruitment,Saudi Arabia,Saudi Arabia,25,Archive / Recheck,Not Verified,Historical / LinkedIn Indexed,https://www.linkedin.com/company/part-time-job-platform/,Historical part-time and flexible recruitment platform.,The previously associated par-time.com domain appears inactive; use the LinkedIn presence only and recheck before relying on it.
