id,title,type,region,country,availability_status,priority_tier,match_score,source_quality,last_checked,url,notes
platform-independent-03,Upwork,Freelance and consulting marketplace,Global / Remote,Global,Active Platform,Priority 1,97,A,2026-07-27,https://www.upwork.com/,"The strongest general freelance platform for your profile because it supports senior consulting, technology strategy, software consulting, program management and long-term client engagements. Connects and platform competition make indiscriminate proposals expensive. Apply selectively."
platform-independent-04,Toptal,Vetted premium talent network,Global / Remote,Global,Active Platform,Priority 1,95,A,2026-07-27,https://www.toptal.com/,"A premium target for senior consulting and project-management work. The selection process is demanding, but your 18+ years and enterprise-scale portfolio support a credible application. Admission is selective and category-specific. Do not claim platform-specific expertise you cannot demonstrate."
platform-independent-09,Wellfound,Startup and technology job marketplace,Global / Remote / Startups,Global,Active Platform,Priority 1,95,A,2026-07-27,https://wellfound.com/,"A high-priority source for startup CTO, Head of Technology, engineering-management, product, data, cloud and architecture roles with salary and equity visibility. Many roles are geography-restricted or equity-heavy. Review funding, runway and compensation carefully."
platform-independent-08,FlexJobs,Curated remote and flexible job board,Global / Remote,Global,Active Platform,Priority 1,94,A,2026-07-27,https://www.flexjobs.com/,"A strong source for remote full-time, freelance, flexible and director-level technology roles, especially when you need curated remote listings. Some features require membership. A remote label does not always mean worldwide eligibility."
platform-independent-10,We Work Remotely,Remote job board,Global / Remote,Global,Active Platform,Priority 1,92,A,2026-07-27,https://weworkremotely.com/,"A strong remote board for technical program management, product, DevOps, infrastructure, software and management-consulting opportunities. Many remote vacancies remain country or time-zone restricted despite appearing on a global board."
platform-independent-05,Contra,Independent-work platform,Global / Remote,Global,Active Platform,Priority 1,91,A,2026-07-27,https://contra.com/,"Strong for portfolio-led independent consulting, global project discovery, professional visibility, contracts and commission-free payments. Some opportunity access and advanced visibility features may require a paid plan."
platform-independent-01,Fiverr,Service marketplace,Global / Remote,Global,Active Platform,Priority 2,87,A,2026-07-27,https://www.fiverr.com/,"Best used by packaging your expertise into clearly scoped consulting services rather than bidding on conventional job vacancies. Fiverr is seller-led. Success depends on service packaging, reviews, positioning and response speed."
platform-independent-02,Freelancer.com,Project bidding marketplace,Global / Remote,Global,Active Platform,Priority 2,84,A,2026-07-27,https://www.freelancer.com/,"Useful for project-based consulting, cloud, architecture, program-management and enterprise-system engagements, but proposals must be filtered carefully to avoid low-value work. Open bidding creates strong price competition. Confirm scope, client verification and milestone funding."
platform-independent-06,PeoplePerHour,Hourly and project marketplace,Global / Remote,Global,Active Platform,Monitor,77,A,2026-07-27,https://www.peopleperhour.com/,"A secondary source for consulting, software, IT and project-management assignments. Suitable opportunities exist, but average project sizes may be below your target level. Use careful budget filtering and avoid competing for low-value commodity tasks."
platform-independent-07,Guru,Freelance job and quote marketplace,Global / Remote,Global,Active Platform,Monitor,74,A,2026-07-27,https://www.guru.com/,"Useful as a secondary project source for technology, cloud, software, operations and project-management work. Client quality and project depth vary. Verify payment, scope and employer history."
platform-00175,LinkedIn Jobs,Global Professional Network,Global,Global,Active Platform,Priority 1,99,A,2026-07-26,https://www.linkedin.com/jobs/,Strongest platform for your profile because senior roles are often promoted through employer pages and professional networks.
platform-0174,Canonical Careers,Official Employer Careers,Global · EMEA · Remote,Worldwide,Active Platform,Recommended,96,A,2026-07-24,https://canonical.com/careers,"Direct source for Canonical roles across engineering, support engineering, project management, product, commercial operations, sales, cloud, Linux, infrastructure and remote work."
platform-00176,Indeed Egypt,Global Job Board,Egypt / Global,Egypt,Active Platform,Priority 1,94,A,2026-07-26,https://eg.indeed.com/,Use exact senior-role keywords and verify whether the application is hosted by Indeed or redirects to the employer.
platform-00177,Glassdoor,"Jobs, Reviews & Salaries",Global,Global,Active Platform,Priority 1,92,A,2026-07-26,https://www.glassdoor.com/,"Best used alongside an official employer page to validate company reputation, salary and interview expectations."
platform-00178,WUZZUF,Egypt & MENA Job Board,Egypt / Saudi Arabia / MENA,Egypt,Active Platform,Priority 1,89,A,2026-07-26,https://wuzzuf.net/jobs,A major Egypt-focused recruitment platform with regional expansion.
platform-00179,LoopCV,AI Job Search Automation,Global / Remote,Global,Active Platform,Priority 2,85,A,2026-07-26,https://www.loopcv.pro/,Use strict filters and manual review for senior roles. Avoid uncontrolled high-volume applications that may reduce application quality.
platform-00180,Google Interview Warmup,Interview Preparation Tool,Global,Global,Active Tool,Priority 2,84,A,2026-07-26,https://grow.google/certificates/interview-warmup/,Career-preparation tool rather than a vacancy platform.
platform-00181,Workana,Freelance & Remote Work,Global / Latin America / Remote,Global,Active Platform,Priority 2,76,A,2026-07-26,https://www.workana.com/work,Useful for consulting and project-based income rather than senior permanent executive employment.
platform-social-facebook,Facebook Job Posts,Social Job Discovery,Global / Social,Global,Active Search,Monitor,75,B,2026-07-27,https://www.facebook.com/search/posts/?q=%22IT%20Director%22%20OR%20%22Enterprise%20Architect%22%20OR%20%22Digital%20Transformation%22%20Egypt%20hiring,"Public employer, recruiter and government vacancy announcements. Social posts require employer verification before application."
platform-00182,Ureed,MENA Freelance Marketplace,MENA / Remote,MENA,Active Platform,Priority 2,75,A,2026-07-26,https://ureed.com/,Strong regional freelance platform; position yourself as a senior technology and transformation consultant.
platform-social-x,X Live Hiring Search,Social Job Discovery,Global / Social,Global,Active Search,Monitor,72,B,2026-07-27,https://x.com/search?q=%28%22enterprise%20architect%22%20OR%20%22IT%20director%22%20OR%20%22digital%20transformation%22%20OR%20%22technical%20program%20manager%22%29%20%28Egypt%20OR%20Cairo%20OR%20UAE%20OR%20Saudi%20OR%20Africa%20OR%20remote%29%20hiring&src=typed_query&f=live,Real-time public hiring and recruiter posts. Social posts require employer verification before application.
platform-00183,Forasna,Egypt Job Board,Egypt,Egypt,Active Platform,Monitor,70,A,2026-07-26,https://forasna.com/,"Broad Egyptian job board. Use management, IT, systems and project keywords to avoid unrelated frontline results."
platform-00184,Nafezly,Arabic Freelance Marketplace,Arab Region / Remote,MENA,Active Platform,Monitor,66,A,2026-07-26,https://nafezly.com/,Better suited to project-based work and portfolio building than executive permanent roles.
platform-0015,Devex,Development Jobs,International Development,International Development,Active Platform,Recommended,65,B,2026-07-24,https://www.devex.com/jobs,"Development consulting, programs and leadership roles"
platform-0009,MyJobMag,Africa Job Board,Africa,Africa,Active Platform,Recommended,65,B,2026-07-24,https://www.myjobmag.com/,Country-focused African job boards
platform-0003,SmartRecruiters,ATS / Employer Jobs,Global,Global,Active Platform,Recommended,65,B,2026-07-24,https://www.smartrecruiters.com/,Employer vacancies and talent communities
platform-social-instagram,Instagram Hiring Posts,Social Job Discovery,Global / Social,Global,Active Search,Monitor,62,B,2026-07-27,https://www.instagram.com/explore/tags/itjobs/,Recruiter and employer vacancy graphics and hiring hashtags. Social posts require employer verification before application.
platform-00185,Khamsat,Arabic Microservices Marketplace,Arab Region / Remote,MENA,Active Platform,Secondary,60,A,2026-07-26,https://khamsat.com/,Microservice marketplace; relevant mainly for small consulting packages and additional income.
platform-social-threads,Threads Hiring Search,Social Job Discovery,Global / Social,Global,Active Search,Monitor,60,B,2026-07-27,https://www.threads.com/search?q=%22enterprise%20architect%22%20%22IT%20director%22%20hiring,Public recruiter and professional hiring discussions. Social posts require employer verification before application.
platform-social-reddit,Reddit Job Communities,Social Job Discovery,Global / Social,Global,Active Search,Secondary,58,C,2026-07-27,https://www.reddit.com/search/?q=hiring%20%22technical%20program%20manager%22%20OR%20%22enterprise%20architect%22%20OR%20%22fractional%20CTO%22&sort=new,"Community contracts, remote jobs and technical partnership posts. Social posts require employer verification before application."
platform-00186,Sabbar,Saudi Recruitment Platform,Saudi Arabia,Saudi Arabia,Active Platform,Secondary,58,A,2026-07-26,https://sabbar.com/en/jobs,"Mostly retail, service and operational roles; filter carefully for IT, software and project-management positions."
platform-00153,DataJobs,Tech & Startup Jobs,Remote / Global,Data / global,Active Platform,Directory,55,B,2026-07-20,https://datajobs.com/,"Official platform entry point. Use platform filters and verify posting date, employer identity, location eligibility and application route."
platform-00187,Tars Jobs,Saudi Job Announcements,Saudi Arabia,Saudi Arabia,Active Platform,Secondary,55,B,2026-07-26,https://jbscv.com/,Vacancy-announcement aggregator. Verify every employer and application route before submitting personal data.
platform-00152,ai-jobs.net,Tech & Startup Jobs,Remote / Global,AI / global,Active Platform,Directory,55,B,2026-07-20,https://ai-jobs.net/,"Official platform entry point. Use platform filters and verify posting date, employer identity, location eligibility and application route."
platform-00076,Executive Placements,Africa Job Board,Africa,South Africa,Active Platform,Directory,54,B,2026-07-20,https://www.executiveplacements.com/,"Official platform entry point. Use platform filters and verify posting date, employer identity, location eligibility and application route."
platform-00008,Adzuna,Global Job Board,Remote / Global,Multiple countries,Active Platform,Directory,53,C,2026-07-20,https://www.adzuna.com/,"Official platform entry point. Use platform filters and verify posting date, employer identity, location eligibility and application route."
platform-00129,CHAI Careers,Development & NGO Jobs,Remote / Global,Global health,Active Platform,Directory,53,B,2026-07-20,https://www.clintonhealthaccess.org/careers/,"Official platform entry point. Use platform filters and verify posting date, employer identity, location eligibility and application route."
platform-00155,CloudJobs,Tech & Startup Jobs,Remote / Global,Cloud / global,Active Platform,Directory,53,B,2026-07-20,https://cloudjobs.com/,"Official platform entry point. Use platform filters and verify posting date, employer identity, location eligibility and application route."
platform-00036,Jobzella,MENA & GCC Job Board,Remote / Global,Egypt / Arab region,Active Platform,Directory,53,B,2026-07-20,https://www.jobzella.com/,"Official platform entry point. Use platform filters and verify posting date, employer identity, location eligibility and application route."
platform-00130,PATH Careers,Development & NGO Jobs,Remote / Global,Global health,Active Platform,Directory,53,B,2026-07-20,https://www.path.org/careers/,"Official platform entry point. Use platform filters and verify posting date, employer identity, location eligibility and application route."
platform-00099,Remote Rocketship,Remote Job Board,Remote / Global,Remote / Global,Active Platform,Directory,53,B,2026-07-20,https://www.remoterocketship.com/,"Official platform entry point. Use platform filters and verify posting date, employer identity, location eligibility and application route."
platform-00045,STJ Egypt,MENA & GCC Job Board,Egypt,Egypt,Active Platform,Directory,53,B,2026-07-20,https://www.stjegypt.com/,"Official platform entry point. Use platform filters and verify posting date, employer identity, location eligibility and application route."
platform-00110,UN Careers,International Organizations,Global,Global,Active Platform,Recommended,53,B,2026-07-24,https://careers.un.org/,Official United Nations vacancies
platform-00091,Virtual Vocations,Remote Job Board,Remote / Global,Remote / Global,Active Platform,Directory,53,B,2026-07-20,https://www.virtualvocations.com/,"Official platform entry point. Use platform filters and verify posting date, employer identity, location eligibility and application route."
platform-00115,WHO Careers,Development & NGO Jobs,Remote / Global,Global,Active Platform,Directory,53,A,2026-07-20,https://careers.who.int/,"Official platform entry point. Use platform filters and verify posting date, employer identity, location eligibility and application route."
platform-00139,Abt Global Careers,Development & NGO Jobs,Remote / Global,Global,Active Platform,Directory,52,B,2026-07-20,https://www.abtglobal.com/careers,"Official platform entry point. Use platform filters and verify posting date, employer identity, location eligibility and application route."
platform-00031,Akhtaboot,MENA & GCC Job Board,Remote / Global,Jordan / Middle East,Active Platform,,52,B,2026-07-20,https://jobs.akhtaboot.com/,"Official platform entry point. Use platform filters and verify posting date, employer identity, location eligibility and application route."
platform-0029,Akhtaboot,MENA Job Board,Arab Region,Arab Region,Active Platform,Recommended,52,B,2026-07-24,https://www.akhtaboot.com/en,Jobs across Jordan and the Arab region
platform-00044,ArabJobs,MENA & GCC Job Board,Remote / Global,Arab region,Active Platform,Directory,52,B,2026-07-20,https://www.arabjobs.com/,"Official platform entry point. Use platform filters and verify posting date, employer identity, location eligibility and application route."
platform-00096,Arc,Remote Job Board,Remote / Global,Remote / Global,Active Platform,Directory,52,B,2026-07-20,https://arc.dev/remote-jobs,"Official platform entry point. Use platform filters and verify posting date, employer identity, location eligibility and application route."
platform-00024,Ashby Jobs,Global Job Board,Remote / Global,Global,Active Platform,Directory,52,B,2026-07-20,https://jobs.ashbyhq.com/,"Official platform entry point. Use platform filters and verify posting date, employer identity, location eligibility and application route."
platform-00026,Bayt,MENA Job Board,Arab Region,Arab Region,Active Platform,Recommended,52,B,2026-07-24,https://www.bayt.com/en/international/jobs/,Broad MENA professional-job platform
platform-00164,Braintrust,Freelance & Contract,Remote / Global,Global,Active Platform,Directory,52,B,2026-07-20,https://www.usebraintrust.com/jobs,"Official platform entry point. Use platform filters and verify posting date, employer identity, location eligibility and application route."
platform-00025,Breezy HR Jobs,Global Job Board,Remote / Global,Global,Active Platform,Directory,52,B,2026-07-20,https://breezy.hr/,"Official platform entry point. Use platform filters and verify posting date, employer identity, location eligibility and application route."
platform-00147,Built In,Tech & Startup Jobs,Remote / Global,Technology / selected markets,Active Platform,Directory,52,B,2026-07-20,https://builtin.com/jobs,"Official platform entry point. Use platform filters and verify posting date, employer identity, location eligibility and application route."
platform-00068,CareerPoint Kenya,Africa Job Board,Africa,Kenya,Active Platform,Directory,52,B,2026-07-20,https://www.careerpointkenya.co.ke/,"Official platform entry point. Use platform filters and verify posting date, employer identity, location eligibility and application route."
platform-00163,Catalant,Freelance & Contract,Remote / Global,Global,Active Platform,Directory,52,B,2026-07-20,https://gocatalant.com/,"Official platform entry point. Use platform filters and verify posting date, employer identity, location eligibility and application route."
platform-00094,Crossover,Remote Job Board,Remote / Global,Remote / Global,Active Platform,Directory,52,B,2026-07-20,https://www.crossover.com/jobs,"Official platform entry point. Use platform filters and verify posting date, employer identity, location eligibility and application route."
platform-00150,CrunchBoard,Tech & Startup Jobs,Remote / Global,Technology / global,Active Platform,Directory,52,B,2026-07-20,https://www.crunchboard.com/jobs,"Official platform entry point. Use platform filters and verify posting date, employer identity, location eligibility and application route."
platform-00154,CyberSecurityJobs,Tech & Startup Jobs,Remote / Global,Cybersecurity / global,Active Platform,Directory,52,B,2026-07-20,https://www.cybersecurityjobsite.com/,"Official platform entry point. Use platform filters and verify posting date, employer identity, location eligibility and application route."
platform-00137,DAI Careers,Development & NGO Jobs,Remote / Global,Global,Active Platform,Directory,52,B,2026-07-20,https://www.dai.com/careers,"Official platform entry point. Use platform filters and verify posting date, employer identity, location eligibility and application route."
platform-00087,DailyRemote,Remote Job Board,Remote / Global,Remote / Global,Active Platform,Directory,52,B,2026-07-20,https://dailyremote.com/,"Official platform entry point. Use platform filters and verify posting date, employer identity, location eligibility and application route."
platform-00107,Devex Jobs,Development & NGO Jobs,Remote / Global,Global development,Active Platform,Directory,52,B,2026-07-20,https://www.devex.com/jobs,"Official platform entry point. Use platform filters and verify posting date, employer identity, location eligibility and application route."
platform-00146,Dice,Tech & Startup Jobs,Remote / Global,Technology / global,Active Platform,Directory,52,B,2026-07-20,https://www.dice.com/jobs,"Official platform entry point. Use platform filters and verify posting date, employer identity, location eligibility and application route."
platform-00035,Drjobs,MENA & GCC Job Board,Remote / Global,GCC / MENA,Active Platform,Directory,52,B,2026-07-20,https://drjobs.ae/,"Official platform entry point. Use platform filters and verify posting date, employer identity, location eligibility and application route."
platform-00037,Dubizzle Jobs,MENA & GCC Job Board,GCC,United Arab Emirates,Active Platform,Directory,52,B,2026-07-20,https://dubai.dubizzle.com/jobs/,"Official platform entry point. Use platform filters and verify posting date, employer identity, location eligibility and application route."
platform-00092,Dynamite Jobs,Remote Job Board,Remote / Global,Remote / Global,Active Platform,Directory,52,B,2026-07-20,https://dynamitejobs.com/,"Official platform entry point. Use platform filters and verify posting date, employer identity, location eligibility and application route."
platform-00126,EU Careers,Development & NGO Jobs,Remote / Global,Europe / global programmes,Active Platform,Directory,52,B,2026-07-20,https://eu-careers.europa.eu/,"Official platform entry point. Use platform filters and verify posting date, employer identity, location eligibility and application route."
platform-00100,Europe Remotely,Remote Job Board,Remote / Global,Europe / Remote,Active Platform,Directory,52,B,2026-07-20,https://europeremotely.com/,"Official platform entry point. Use platform filters and verify posting date, employer identity, location eligibility and application route."
platform-00144,F6S Jobs,Tech & Startup Jobs,Remote / Global,Global startups,Active Platform,Directory,52,B,2026-07-20,https://www.f6s.com/jobs,"Official platform entry point. Use platform filters and verify posting date, employer identity, location eligibility and application route."
platform-00119,FAO Careers,Development & NGO Jobs,Remote / Global,Global,Active Platform,Directory,52,B,2026-07-20,https://www.fao.org/employment/home/en/,"Official platform entry point. Use platform filters and verify posting date, employer identity, location eligibility and application route."
platform-00168,Flexing It,Freelance & Contract,Remote / Global,Global / India / Middle East,Active Platform,Directory,52,B,2026-07-20,https://www.flexingit.com/,"Official platform entry point. Use platform filters and verify posting date, employer identity, location eligibility and application route."
platform-00157,Freelancer,Freelance & Contract,Remote / Global,Global,Active Platform,Directory,52,B,2026-07-20,https://www.freelancer.com/jobs/,"Official platform entry point. Use platform filters and verify posting date, employer identity, location eligibility and application route."
platform-00058,Fuzu,Africa Job Board,East Africa,East Africa,Active Platform,Recommended,52,B,2026-07-24,https://www.fuzu.com/,East African jobs and career tools
platform-00127,GIZ Jobs,Development & NGO Jobs,Remote / Global,Global development,Active Platform,Directory,52,A,2026-07-20,https://jobs.giz.de/,"Official platform entry point. Use platform filters and verify posting date, employer identity, location eligibility and application route."
platform-00022,Greenhouse Job Boards,ATS / Employer Jobs,Global,Global,Active Platform,Recommended,52,B,2026-07-24,https://www.greenhouse.com/job-board,Direct employer job boards
platform-00041,Gulf News Jobs,MENA & GCC Job Board,Remote / Global,UAE / GCC,Active Platform,Directory,52,B,2026-07-20,https://jobs.gulfnews.com/,"Official platform entry point. Use platform filters and verify posting date, employer identity, location eligibility and application route."
platform-00027,GulfTalent,GCC Job Board,GCC,GCC,Active Platform,Recommended,52,B,2026-07-24,https://www.gulftalent.com/jobs,Professional and management roles across the Gulf
platform-00097,Gun.io,Remote Job Board,Remote / Global,Remote / Global,Active Platform,Directory,52,B,2026-07-20,https://gun.io/,"Official platform entry point. Use platform filters and verify posting date, employer identity, location eligibility and application route."
platform-00151,Hacker News Who Is Hiring,Tech & Startup Jobs,Remote / Global,Global technology,Active Platform,Directory,52,B,2026-07-20,https://news.ycombinator.com/submitted?id=whoishiring,"Official platform entry point. Use platform filters and verify posting date, employer identity, location eligibility and application route."
platform-00085,Himalayas,Remote Job Board,Remote / Global,Remote / Global,Active Platform,Directory,52,B,2026-07-20,https://himalayas.app/jobs,"Official platform entry point. Use platform filters and verify posting date, employer identity, location eligibility and application route."
platform-00149,Hired,Tech & Startup Jobs,Remote / Global,Technology / selected markets,Active Platform,Directory,52,B,2026-07-20,https://hired.com/,"Official platform entry point. Use platform filters and verify posting date, employer identity, location eligibility and application route."
platform-00002,Indeed,Global Job Board,Remote / Global,60+ countries,Active Platform,Directory,52,B,2026-07-20,https://www.indeed.com/,"Official platform entry point. Use platform filters and verify posting date, employer identity, location eligibility and application route."
platform-00124,Islamic Development Bank Careers,Development Finance,GCC · Member Countries,GCC · Member Countries,Active Platform,Recommended,52,B,2026-07-24,https://www.isdb.org/careers,Islamic Development Bank opportunities
platform-00086,Jobgether,Remote Job Board,Remote / Global,Remote / Global,Active Platform,Directory,52,B,2026-07-20,https://jobgether.com/remote-jobs,"Official platform entry point. Use platform filters and verify posting date, employer identity, location eligibility and application route."
platform-00102,Jobicy,Remote Job Board,Remote / Global,Remote / Global,Active Platform,Directory,52,B,2026-07-20,https://jobicy.com/,"Official platform entry point. Use platform filters and verify posting date, employer identity, location eligibility and application route."
platform-00083,Jobspresso,Remote Job Board,Remote / Global,Remote / Global,Active Platform,Directory,52,B,2026-07-20,https://jobspresso.co/remote-work/,"Official platform entry point. Use platform filters and verify posting date, employer identity, location eligibility and application route."
platform-00084,JustRemote,Remote Job Board,Remote / Global,Remote / Global,Active Platform,Directory,52,B,2026-07-20,https://justremote.co/,"Official platform entry point. Use platform filters and verify posting date, employer identity, location eligibility and application route."
platform-00042,Khaleej Times Jobs,MENA & GCC Job Board,GCC,United Arab Emirates,Active Platform,Directory,52,B,2026-07-20,https://www.khaleejtimes.com/jobs,"Official platform entry point. Use platform filters and verify posting date, employer identity, location eligibility and application route."
platform-00166,Kolabtree,Freelance & Contract,Remote / Global,Global,Active Platform,Directory,52,B,2026-07-20,https://www.kolabtree.com/find-work,"Official platform entry point. Use platform filters and verify posting date, employer identity, location eligibility and application route."
platform-00034,Laimoon,MENA & GCC Job Board,Remote / Global,GCC / Middle East,Active Platform,Directory,52,B,2026-07-20,https://jobs.laimoon.com/,"Official platform entry point. Use platform filters and verify posting date, employer identity, location eligibility and application route."
platform-00098,Lemon.io,Remote Job Board,Remote / Global,Remote / Global,Active Platform,Directory,52,B,2026-07-20,https://lemon.io/,"Official platform entry point. Use platform filters and verify posting date, employer identity, location eligibility and application route."
platform-00018,Lensa,Global Job Board,Remote / Global,Global / US-heavy,Active Platform,Directory,52,B,2026-07-20,https://lensa.com/,"Official platform entry point. Use platform filters and verify posting date, employer identity, location eligibility and application route."
platform-00023,Lever Jobs,Global Job Board,Remote / Global,Global,Active Platform,,52,A,2026-07-20,https://jobs.lever.co/,"Official platform entry point. Use platform filters and verify posting date, employer identity, location eligibility and application route."
platform-0002,Lever Jobs,ATS / Employer Jobs,Global,Global,Active Platform,Recommended,52,B,2026-07-24,https://www.lever.co/,Direct employer vacancies hosted on Lever
platform-00133,MSF Jobs,Development & NGO Jobs,Remote / Global,Global,Active Platform,Directory,52,B,2026-07-20,https://www.msf.org/work-msf,"Official platform entry point. Use platform filters and verify posting date, employer identity, location eligibility and application route."
platform-00162,Malt,Freelance & Contract,Remote / Global,Europe / global,Active Platform,Directory,52,B,2026-07-20,https://www.malt.com/,"Official platform entry point. Use platform filters and verify posting date, employer identity, location eligibility and application route."
platform-00033,Mihnati,MENA & GCC Job Board,Remote / Global,Saudi Arabia / GCC,Active Platform,Directory,52,B,2026-07-20,https://www.mihnati.com/,"Official platform entry point. Use platform filters and verify posting date, employer identity, location eligibility and application route."
platform-00011,Monster,Global Job Board,Remote / Global,Global / selected markets,Active Platform,Directory,52,B,2026-07-20,https://www.monster.com/,"Official platform entry point. Use platform filters and verify posting date, employer identity, location eligibility and application route."
platform-00028,Naukrigulf,GCC Job Board,GCC,GCC,Active Platform,Recommended,52,B,2026-07-24,https://www.naukrigulf.com/,Gulf and Middle East jobs
platform-00089,NoDesk,Remote Job Board,Remote / Global,Remote / Global,Active Platform,Directory,52,B,2026-07-20,https://nodesk.co/remote-jobs/,"Official platform entry point. Use platform filters and verify posting date, employer identity, location eligibility and application route."
platform-00125,OECD Careers,Development & NGO Jobs,Remote / Global,Global,Active Platform,Directory,52,B,2026-07-20,https://www.oecd.org/careers/,"Official platform entry point. Use platform filters and verify posting date, employer identity, location eligibility and application route."
platform-00038,OpenSooq Jobs,MENA & GCC Job Board,Remote / Global,Arab region,Active Platform,Directory,52,B,2026-07-20,https://www.opensooq.com/en/jobs/job-vacancies,"Official platform entry point. Use platform filters and verify posting date, employer identity, location eligibility and application route."
platform-00093,Pangian,Remote Job Board,Remote / Global,Remote / Global,Active Platform,Directory,52,B,2026-07-20,https://pangian.com/,"Official platform entry point. Use platform filters and verify posting date, employer identity, location eligibility and application route."
platform-00039,Qatar Living Jobs,MENA & GCC Job Board,GCC,Qatar,Active Platform,Directory,52,B,2026-07-20,https://www.qatarliving.com/jobs,"Official platform entry point. Use platform filters and verify posting date, employer identity, location eligibility and application route."
platform-00108,ReliefWeb Jobs,Humanitarian Jobs,International Development,International Development,Active Platform,Recommended,52,B,2026-07-24,https://reliefweb.int/jobs,Humanitarian and development vacancies
platform-00106,Remote Leaf,Remote Job Board,Remote / Global,Remote / Global,Active Platform,Directory,52,B,2026-07-20,https://remoteleaf.com/,"Official platform entry point. Use platform filters and verify posting date, employer identity, location eligibility and application route."
platform-00077,Remote OK,Remote Job Board,Remote / Global,Remote / Global,Active Platform,Recommended,52,B,2026-07-24,https://remoteok.com/,Remote technology and digital roles
platform-00080,Remote.co,Remote Job Board,Remote / Global,Remote / Global,Active Platform,Directory,52,B,2026-07-20,https://remote.co/remote-jobs/,"Official platform entry point. Use platform filters and verify posting date, employer identity, location eligibility and application route."
platform-00104,Remote.com Jobs,Remote Job Board,Remote / Global,Remote / Global,Active Platform,Directory,52,B,2026-07-20,https://remote.com/jobs,"Official platform entry point. Use platform filters and verify posting date, employer identity, location eligibility and application route."
platform-00088,Remote4Me,Remote Job Board,Remote / Global,Remote / Global,Active Platform,Directory,52,B,2026-07-20,https://remote4me.com/,"Official platform entry point. Use platform filters and verify posting date, employer identity, location eligibility and application route."
platform-00101,RemoteHub,Remote Job Board,Remote / Global,Remote / Global,Active Platform,Directory,52,B,2026-07-20,https://www.remotehub.com/jobs,"Official platform entry point. Use platform filters and verify posting date, employer identity, location eligibility and application route."
platform-00103,RemoteJobs.com,Remote Job Board,Remote / Global,Remote / Global,Active Platform,Directory,52,B,2026-07-20,https://www.remotejobs.com/,"Official platform entry point. Use platform filters and verify posting date, employer identity, location eligibility and application route."
platform-00079,Remotive,Remote Job Board,Remote / Global,Remote / Global,Active Platform,Recommended,52,B,2026-07-24,https://remotive.com/remote-jobs,Curated remote roles
platform-00013,SimplyHired,Global Job Board,Remote / Global,Multiple countries,Active Platform,Directory,52,B,2026-07-20,https://www.simplyhired.com/,"Official platform entry point. Use platform filters and verify posting date, employer identity, location eligibility and application route."
platform-00090,SkipTheDrive,Remote Job Board,Remote / Global,Remote / Global,Active Platform,Directory,52,B,2026-07-20,https://www.skipthedrive.com/,"Official platform entry point. Use platform filters and verify posting date, employer identity, location eligibility and application route."
platform-00021,SmartRecruiters Jobs,Global Job Board,Remote / Global,Global,Active Platform,Directory,52,A,2026-07-20,https://jobs.smartrecruiters.com/,"Official platform entry point. Use platform filters and verify posting date, employer identity, location eligibility and application route."
platform-00188,Taleek,Language Learning Tool,Global,Global,Active Tool,Career Support,52,A,2026-07-26,https://taleek.com/,"Career-support and language-learning tool, not a job platform."
platform-00007,Talent.com,Global Job Board,Remote / Global,77 countries,Active Platform,Directory,52,C,2026-07-20,https://www.talent.com/,"Official platform entry point. Use platform filters and verify posting date, employer identity, location eligibility and application route."
platform-00032,Tanqeeb,MENA Aggregator,Arab Region,Arab Region,Active Platform,Recommended,52,B,2026-07-24,https://tanqeeb.com/,Regional job aggregation and search
platform-00143,Techstars Jobs,Tech & Startup Jobs,Remote / Global,Global startups,Active Platform,Directory,52,B,2026-07-20,https://jobs.techstars.com/,"Official platform entry point. Use platform filters and verify posting date, employer identity, location eligibility and application route."
platform-00019,The Muse,Global Job Board,Remote / Global,Global / US-heavy,Active Platform,Directory,52,B,2026-07-20,https://www.themuse.com/search/jobs,"Official platform entry point. Use platform filters and verify posting date, employer identity, location eligibility and application route."
platform-00167,Truelancer,Freelance & Contract,Remote / Global,Global,Active Platform,Directory,52,B,2026-07-20,https://www.truelancer.com/freelance-jobs,"Official platform entry point. Use platform filters and verify posting date, employer identity, location eligibility and application route."
platform-00095,Turing,Remote Job Board,Remote / Global,Remote / Global,Active Platform,Directory,52,B,2026-07-20,https://www.turing.com/jobs,"Official platform entry point. Use platform filters and verify posting date, employer identity, location eligibility and application route."
platform-00112,UN Talent,Development & NGO Jobs,Remote / Global,Global,Active Platform,Directory,52,B,2026-07-20,https://untalent.org/jobs,"Official platform entry point. Use platform filters and verify posting date, employer identity, location eligibility and application route."
platform-00113,UNDP Jobs,Development & NGO Jobs,Remote / Global,Global,Active Platform,,52,A,2026-07-20,https://jobs.undp.org/,"Official platform entry point. Use platform filters and verify posting date, employer identity, location eligibility and application route."
platform-0026,UNDP Jobs,International Organizations,Global,Global,Active Platform,Recommended,52,B,2026-07-24,https://www.undp.org/careers,UNDP employment and consultancy opportunities
platform-00114,UNICEF Careers,International Organizations,Global,Global,Active Platform,Recommended,52,B,2026-07-24,https://jobs.unicef.org/,UNICEF staff and consultancy vacancies
platform-00117,UNOPS Jobs,Development & NGO Jobs,Remote / Global,Global,Active Platform,Directory,52,A,2026-07-20,https://jobs.unops.org/,"Official platform entry point. Use platform filters and verify posting date, employer identity, location eligibility and application route."
platform-00118,WFP Careers,Development & NGO Jobs,Remote / Global,Global,Active Platform,Directory,52,B,2026-07-20,https://www.wfp.org/careers,"Official platform entry point. Use platform filters and verify posting date, employer identity, location eligibility and application route."
platform-00145,Welcome to the Jungle,Tech & Startup Jobs,Remote / Global,Europe / global,Active Platform,Directory,52,B,2026-07-20,https://www.welcometothejungle.com/en/jobs,"Official platform entry point. Use platform filters and verify posting date, employer identity, location eligibility and application route."
platform-00020,Workable Jobs,ATS / Employer Jobs,Global,Global,Active Platform,Recommended,52,B,2026-07-24,https://jobs.workable.com/,Direct employer vacancies hosted on Workable
platform-00105,Workew,Remote Job Board,Remote / Global,Remote / Global,Active Platform,Directory,52,B,2026-07-20,https://workew.com/,"Official platform entry point. Use platform filters and verify posting date, employer identity, location eligibility and application route."
platform-00082,Working Nomads,Remote Job Board,Remote / Global,Remote / Global,Active Platform,Directory,52,B,2026-07-20,https://www.workingnomads.com/jobs,"Official platform entry point. Use platform filters and verify posting date, employer identity, location eligibility and application route."
platform-00121,World Bank Careers,Development Finance,Global,Global,Active Platform,Recommended,52,B,2026-07-24,https://www.worldbank.org/en/about/careers,World Bank employment and programs
platform-00142,Y Combinator Work at a Startup,Tech & Startup Jobs,Remote / Global,Global startups,Active Platform,Directory,52,B,2026-07-20,https://www.workatastartup.com/jobs,"Official platform entry point. Use platform filters and verify posting date, employer identity, location eligibility and application route."
platform-00012,ZipRecruiter,Global Job Board,Remote / Global,Selected countries,Active Platform,Directory,52,B,2026-07-20,https://www.ziprecruiter.com/,"Official platform entry point. Use platform filters and verify posting date, employer identity, location eligibility and application route."
platform-00148,eFinancialCareers,Tech & Startup Jobs,Remote / Global,Global finance,Active Platform,Directory,52,B,2026-07-20,https://www.efinancialcareers.com/,"Official platform entry point. Use platform filters and verify posting date, employer identity, location eligibility and application route."
platform-00059,AfricaWork,Africa Recruitment Platform,Africa,Africa,Active Platform,Recommended,50,B,2026-07-24,https://www.africawork.com/,Pan-African recruitment and talent platform
platform-00123,African Development Bank Careers,Development Finance,Africa,Africa,Active Platform,Recommended,50,B,2026-07-24,https://www.afdb.org/en/about-us/careers,African Development Bank opportunities
platform-00074,Bizcommunity Jobs,Africa Job Board,Africa,South Africa,Active Platform,Directory,50,B,2026-07-20,https://www.bizcommunity.com/JobsOffered/196/11.html,"Official platform entry point. Use platform filters and verify posting date, employer identity, location eligibility and application route."
platform-00046,BrighterMonday Kenya,Africa Job Board,Kenya · Africa,Kenya · Africa,Active Platform,Recommended,50,B,2026-07-24,https://www.brightermonday.co.ke/jobs,Kenya and East Africa jobs
platform-00048,BrighterMonday Tanzania,Africa Job Board,Africa,Tanzania,Active Platform,Directory,50,B,2026-07-20,https://www.brightermonday.co.tz/jobs,"Official platform entry point. Use platform filters and verify posting date, employer identity, location eligibility and application route."
platform-00047,BrighterMonday Uganda,Africa Job Board,Africa,Uganda,Active Platform,Directory,50,B,2026-07-20,https://www.brightermonday.co.ug/jobs,"Official platform entry point. Use platform filters and verify posting date, employer identity, location eligibility and application route."
platform-00053,CareerJunction,Africa Job Board,Africa,South Africa,Active Platform,Directory,50,B,2026-07-20,https://www.careerjunction.co.za/jobs,"Official platform entry point. Use platform filters and verify posting date, employer identity, location eligibility and application route."
platform-00051,Careers24,Africa Job Board,South Africa · Africa,South Africa · Africa,Active Platform,Recommended,50,B,2026-07-24,https://www.careers24.com/jobs,South Africa job search
platform-00069,Corporate Staffing Services,Africa Job Board,Africa,Kenya,Active Platform,Directory,50,B,2026-07-20,https://www.corporatestaffing.co.ke/jobs/,"Official platform entry point. Use platform filters and verify posting date, employer identity, location eligibility and application route."
platform-00064,Ethiojobs,Africa Job Board,Africa,Ethiopia,Active Platform,Directory,50,B,2026-07-20,https://www.ethiojobs.net/,"Official platform entry point. Use platform filters and verify posting date, employer identity, location eligibility and application route."
platform-00065,GeezJobs,Africa Job Board,Africa,Ethiopia,Active Platform,Directory,50,B,2026-07-20,https://www.geezjobs.com/,"Official platform entry point. Use platform filters and verify posting date, employer identity, location eligibility and application route."
platform-00062,Great Tanzania Jobs,Africa Job Board,Africa,Tanzania,Active Platform,Directory,50,B,2026-07-20,https://www.greattanzaniajobs.com/,"Official platform entry point. Use platform filters and verify posting date, employer identity, location eligibility and application route."
platform-00061,Great Uganda Jobs,Africa Job Board,Africa,Uganda,Active Platform,Directory,50,B,2026-07-20,https://www.greatugandajobs.com/,"Official platform entry point. Use platform filters and verify posting date, employer identity, location eligibility and application route."
platform-00063,Great Zambia Jobs,Africa Job Board,Africa,Zambia,Active Platform,Directory,50,B,2026-07-20,https://www.greatzambiajobs.com/,"Official platform entry point. Use platform filters and verify posting date, employer identity, location eligibility and application route."
platform-00073,Job Mail,Africa Job Board,Africa,South Africa,Active Platform,Directory,50,B,2026-07-20,https://www.jobmail.co.za/,"Official platform entry point. Use platform filters and verify posting date, employer identity, location eligibility and application route."
platform-00060,Job in Rwanda,Africa Job Board,Africa,Rwanda,Active Platform,Directory,50,B,2026-07-20,https://www.jobinrwanda.com/,"Official platform entry point. Use platform filters and verify posting date, employer identity, location eligibility and application route."
platform-00072,JobSearch Ghana,Africa Job Board,Africa,Ghana,Active Platform,Directory,50,B,2026-07-20,https://www.jobsearchgh.com/,"Official platform entry point. Use platform filters and verify posting date, employer identity, location eligibility and application route."
platform-00071,JobWeb Ghana,Africa Job Board,Africa,Ghana,Active Platform,Directory,50,B,2026-07-20,https://jobwebghana.com/,"Official platform entry point. Use platform filters and verify posting date, employer identity, location eligibility and application route."
platform-00066,Jobartis Angola,Africa Job Board,Africa,Angola,Active Platform,Directory,50,B,2026-07-20,https://www.jobartis.com/,"Official platform entry point. Use platform filters and verify posting date, employer identity, location eligibility and application route."
platform-00050,Jobberman Ghana,Africa Job Board,Africa,Ghana,Active Platform,Directory,50,B,2026-07-20,https://www.jobberman.com.gh/jobs,"Official platform entry point. Use platform filters and verify posting date, employer identity, location eligibility and application route."
platform-00049,Jobberman Nigeria,Africa Job Board,Nigeria · Africa,Nigeria · Africa,Active Platform,Recommended,50,B,2026-07-24,https://www.jobberman.com/jobs,Nigeria and West Africa jobs
platform-00067,JobnetAfrica,Africa Job Board,Africa,Africa,Active Platform,Directory,50,B,2026-07-20,https://www.jobnetafrica.com/,"Official platform entry point. Use platform filters and verify posting date, employer identity, location eligibility and application route."
platform-00070,KenyaMoja Jobs,Africa Job Board,Africa,Kenya,Active Platform,Directory,50,B,2026-07-20,https://www.kenyamoja.com/jobs,"Official platform entry point. Use platform filters and verify posting date, employer identity, location eligibility and application route."
platform-00056,MyJobMag Ghana,Africa Job Board,Africa,Ghana,Active Platform,Directory,50,B,2026-07-20,https://www.myjobmag.com.gh/,"Official platform entry point. Use platform filters and verify posting date, employer identity, location eligibility and application route."
platform-00055,MyJobMag Kenya,Africa Job Board,Africa,Kenya,Active Platform,Directory,50,B,2026-07-20,https://www.myjobmag.co.ke/,"Official platform entry point. Use platform filters and verify posting date, employer identity, location eligibility and application route."
platform-00054,MyJobMag Nigeria,Africa Job Board,Africa,Nigeria,Active Platform,Directory,50,B,2026-07-20,https://www.myjobmag.com/,"Official platform entry point. Use platform filters and verify posting date, employer identity, location eligibility and application route."
platform-00057,MyJobMag South Africa,Africa Job Board,Africa,South Africa,Active Platform,Directory,50,B,2026-07-20,https://www.myjobmag.co.za/,"Official platform entry point. Use platform filters and verify posting date, employer identity, location eligibility and application route."
platform-00075,OfferZen,Africa Job Board,Africa,South Africa / Africa,Active Platform,Directory,50,B,2026-07-20,https://www.offerzen.com/,"Official platform entry point. Use platform filters and verify posting date, employer identity, location eligibility and application route."
platform-00052,PNet,Africa Job Board,South Africa · Africa,South Africa · Africa,Active Platform,Recommended,50,B,2026-07-24,https://www.pnet.co.za/jobs,South Africa professional jobs
platform-social-bluesky,Bluesky Hiring Search,Social Job Discovery,Global / Social,Global,Active Search,Secondary,48,C,2026-07-27,https://bsky.app/search?q=%22enterprise%20architect%22%20hiring,Open social-network hiring posts. Social posts require employer verification before application.
platform-00189,PTway,Saudi Part-Time Work,Saudi Arabia,Saudi Arabia,Active Platform,Low Priority,48,A,2026-07-26,https://ptway.net/,Primarily part-time and flexible work; senior executive relevance is limited.
platform-00190,Shiftat,Saudi Recruitment & Flexible Work,Saudi Arabia,Saudi Arabia,Active Platform,Low Priority,45,A,2026-07-26,https://shiftat.sa/,Mainly recent-graduate and intermediate-experience recruitment; monitor only for technology leadership exceptions.
platform-00191,AS3A,Saudi Flexible Work,Saudi Arabia / Egypt,Saudi Arabia,Active Platform,Low Priority,44,A,2026-07-26,https://as3a.com/,Strong flexible-work platform but limited alignment with senior enterprise-technology roles.
platform-00192,Marn,Saudi Flexible Staffing,Saudi Arabia,Saudi Arabia,Active Platform,Low Priority,42,A,2026-07-26,https://marn.io/,Monitor only for IT management or technology-enabled operations roles.
platform-social-tiktok,TikTok Career Posts,Social Job Discovery,Global / Social,Global,Active Search,Secondary,42,C,2026-07-27,https://www.tiktok.com/search?q=enterprise%20architect%20jobs%20Egypt,Short-form vacancy and employer career content. Social posts require employer verification before application.
platform-00193,Wardiyyat,Saudi Shift & Flexible Work,Saudi Arabia,Saudi Arabia,Active Platform,Low Priority,38,A,2026-07-26,https://wardiyyat.com/,"Useful for flexible shift work, but not a primary source for senior technology leadership roles."
platform-00194,Part Time Platform,Saudi Part-Time Recruitment,Saudi Arabia,Saudi Arabia,Not Verified,Archive / Recheck,25,C,2026-07-26,https://www.linkedin.com/company/part-time-job-platform/,The previously associated par-time.com domain appears inactive; use the LinkedIn presence only and recheck before relying on it.
platform-00135,CARE Careers,Development & NGO Jobs,Remote / Global,Global,Active Platform,Directory,20,B,2026-07-20,https://www.care-international.org/jobs,"Official platform entry point. Use platform filters and verify posting date, employer identity, location eligibility and application route."
platform-00006,Careerjet,Global Job Board,Remote / Global,130+ countries,Active Platform,Directory,20,C,2026-07-20,https://www.careerjet.com/,"Official platform entry point. Use platform filters and verify posting date, employer identity, location eligibility and application route."
platform-00138,Chemonics Careers,Development & NGO Jobs,Remote / Global,Global,Active Platform,Directory,20,B,2026-07-20,https://chemonics.com/jobs/,"Official platform entry point. Use platform filters and verify posting date, employer identity, location eligibility and application route."
platform-00040,Expatriates Jobs,MENA & GCC Job Board,Remote / Global,GCC / international,Active Platform,Directory,20,B,2026-07-20,https://www.expatriates.com/classifieds/jobs/,"Official platform entry point. Use platform filters and verify posting date, employer identity, location eligibility and application route."
platform-00128,FHI 360 Careers,Development & NGO Jobs,Remote / Global,Global,Active Platform,Directory,20,B,2026-07-20,https://www.fhi360.org/careers/,"Official platform entry point. Use platform filters and verify posting date, employer identity, location eligibility and application route."
platform-00016,GrabJobs,Global Job Board,Remote / Global,Multiple countries,Active Platform,Directory,20,B,2026-07-20,https://grabjobs.co/,"Official platform entry point. Use platform filters and verify posting date, employer identity, location eligibility and application route."
platform-00122,IFC Careers,Development & NGO Jobs,Remote / Global,Global,Active Platform,Directory,20,B,2026-07-20,https://www.ifc.org/en/about/careers,"Official platform entry point. Use platform filters and verify posting date, employer identity, location eligibility and application route."
platform-00120,ILO Jobs,Development & NGO Jobs,Remote / Global,Global,Active Platform,Directory,20,B,2026-07-20,https://jobs.ilo.org/,"Official platform entry point. Use platform filters and verify posting date, employer identity, location eligibility and application route."
platform-00116,IOM Careers,Development & NGO Jobs,Remote / Global,Global,Active Platform,Directory,20,A,2026-07-20,https://www.iom.int/careers,"Official platform entry point. Use platform filters and verify posting date, employer identity, location eligibility and application route."
platform-00132,IRC Careers,Development & NGO Jobs,Remote / Global,Global,Active Platform,Directory,20,B,2026-07-20,https://careers.rescue.org/,"Official platform entry point. Use platform filters and verify posting date, employer identity, location eligibility and application route."
platform-00109,Impactpool,Development & NGO Jobs,Remote / Global,Global development,Active Platform,,20,B,2026-07-20,https://career.impactpool.org/vacancies?all=true,"Official platform entry point. Use platform filters and verify posting date, employer identity, location eligibility and application route."
platform-0024,Impactpool,International Organizations,International Development,International Development,Active Platform,Recommended,20,B,2026-07-24,https://www.impactpool.org/jobs,"UN, multilateral and development roles"
platform-00017,JobisJob,Global Job Board,Remote / Global,Multiple countries,Active Platform,Directory,20,B,2026-07-20,https://www.jobisjob.com/,"Official platform entry point. Use platform filters and verify posting date, employer identity, location eligibility and application route."
platform-00009,Jobrapido,Global Job Board,Remote / Global,Global,Active Platform,Directory,20,C,2026-07-20,https://www.jobrapido.com/,"Official platform entry point. Use platform filters and verify posting date, employer identity, location eligibility and application route."
platform-00010,Jobsora,Global Job Board,Remote / Global,Multiple countries,Active Platform,Directory,20,C,2026-07-20,https://jobsora.com/,"Official platform entry point. Use platform filters and verify posting date, employer identity, location eligibility and application route."
platform-00005,Jooble,Global Job Board,Remote / Global,66 countries,Active Platform,Directory,20,C,2026-07-20,https://jooble.org/,"Official platform entry point. Use platform filters and verify posting date, employer identity, location eligibility and application route."
platform-00014,Jora,Global Job Board,Remote / Global,Multiple countries,Active Platform,Directory,20,B,2026-07-20,https://www.jora.com/,"Official platform entry point. Use platform filters and verify posting date, employer identity, location eligibility and application route."
platform-00134,Mercy Corps Careers,Development & NGO Jobs,Remote / Global,Global,Active Platform,Directory,20,B,2026-07-20,https://www.mercycorps.org/careers,"Official platform entry point. Use platform filters and verify posting date, employer identity, location eligibility and application route."
platform-00043,Oliv,MENA & GCC Job Board,Remote / Global,UAE / GCC,Active Platform,Directory,20,B,2026-07-20,https://oliv.com/,"Official platform entry point. Use platform filters and verify posting date, employer identity, location eligibility and application route."
platform-00136,Palladium Jobs,Development & NGO Jobs,Remote / Global,Global,Active Platform,Directory,20,B,2026-07-20,https://palladium.csod.com/ux/ats/careersite/2/home,"Official platform entry point. Use platform filters and verify posting date, employer identity, location eligibility and application route."
platform-00140,RTI International Careers,Development & NGO Jobs,Remote / Global,Global,Active Platform,Directory,20,B,2026-07-20,https://www.rti.org/careers,"Official platform entry point. Use platform filters and verify posting date, employer identity, location eligibility and application route."
platform-00131,Save the Children Careers,Development & NGO Jobs,Remote / Global,Global,Active Platform,Directory,20,B,2026-07-20,https://jobs.savethechildren.org.uk/,"Official platform entry point. Use platform filters and verify posting date, employer identity, location eligibility and application route."
platform-00111,UNjobs,Development & NGO Jobs,Remote / Global,Global,Active Platform,Directory,20,B,2026-07-20,https://unjobs.org/,"Official platform entry point. Use platform filters and verify posting date, employer identity, location eligibility and application route."
platform-00015,WhatJobs,Global Job Board,Remote / Global,Multiple countries,Active Platform,Directory,20,B,2026-07-20,https://www.whatjobs.com/,"Official platform entry point. Use platform filters and verify posting date, employer identity, location eligibility and application route."
