id,title,organization,platform,post_type,location,country,region,work_model,posted_text,availability_status,match_score,fit_tier,priority_tier,source_quality,url,fit_reason,verification_note
social-job-001,Enterprise Architect Lead (NAWAH),ENEC Operations,LinkedIn,Employer vacancy,"Abu Dhabi, UAE",United Arab Emirates,GCC,On-site / Full time,Posted 7 July 2026,Available,99,Best Fit,Priority 1,A,https://ae.linkedin.com/jobs/view/enterprise-architect-lead-nawah-at-enec-operations-4437777028,"Direct match for enterprise-architecture strategy, target roadmaps, architecture standards, cross-functional leadership and executive stakeholder engagement.",The indexed LinkedIn vacancy states Active Recruitment and includes a requisition ID.
social-job-002,"Enterprise Architect, Planning",Coca-Cola HBC,LinkedIn,Employer vacancy,"Cairo, Egypt",Egypt,Egypt,Full time,Listed about 1 week ago,Available,99,Best Fit,Priority 1,A,https://www.linkedin.com/jobs/view/4436716196/,"Exceptional fit across enterprise planning, procurement, supply chain, finance, integration, data governance, target architectures and transformation roadmaps.",The public LinkedIn result provides an Apply action and detailed responsibilities.
social-job-004,Enterprise Architect,Credit Guarantee Company S.A.E.,LinkedIn → Official Careers,Social discovery / official application,Egypt,Egypt,Egypt,Full time,Official posting dated 6 July 2026,Available,98,Best Fit,Priority 1,A,https://career.cgcegypt.com/job/Enterprise-Architect/1354619455/,"Strong fit for architecture vision, target blueprints, transition architectures, application maps, design authority and alignment between business and ICT strategy.",The application destination is the employer’s official career site rather than a social-media form.
social-job-003,"Enterprise Architect, Operational Productivity",Coca-Cola HBC,LinkedIn,Employer vacancy,"Cairo, Egypt",Egypt,Egypt,Full time,Listed about 3 weeks ago,Available,98,Best Fit,Priority 1,A,https://eg.linkedin.com/jobs/view/enterprise-architect-at-coca-cola-hbc-4388331068,"Excellent match for enterprise architecture across supply chain and finance, architecture governance, simplification, reuse and delivery assurance.",The indexed public LinkedIn listing includes an Apply action.
social-job-005,IT Director,Confidential Industrial / Real Estate Entity,LinkedIn Post,Recruiter social post,Egypt,Egypt,Egypt,Full time,Posted about 1 month ago,Possibly Available,98,Best Fit,Priority 1,B,https://www.linkedin.com/posts/heba-gawish-a67194147_hiring-itdirector-informationtechnology-activity-7458438482512965633-x7aO,"Excellent match for IT strategy, enterprise systems, ERP/CRM, cloud, cybersecurity, budgets, vendor management, digital transformation and team leadership.",The post requests CV submission through direct message; employer identity is not public.
social-job-007,Enterprise Architect,Datamatics Technologies,LinkedIn,Recruiter vacancy,"Riyadh, Saudi Arabia",Saudi Arabia,GCC,Full time,Listed about 1 week ago,Available,97,Best Fit,Priority 1,B,https://eg.linkedin.com/jobs/view/enterprise-architect-at-datamatics-technologies-4435674918,"Excellent alignment with TOGAF, architecture governance, target-state design, cloud modernization, APIs, microservices, DevSecOps and stakeholder leadership.","The LinkedIn page is indexed under Cairo, while the job body states Riyadh; location must be confirmed."
social-job-006,IT Director,Confidential Employer,LinkedIn Post,Recruiter social post,"New Cairo, Egypt",Egypt,Egypt,On-site / Full time,Posted about 2 weeks ago,Possibly Available,97,Best Fit,Priority 1,B,https://www.linkedin.com/posts/ghaith-naimat-msc-19868116a_job-opportunity-it-director-location-new-activity-7461808949684789248-q6ii,"Strong match for strategic IT leadership, SAP implementation, infrastructure, data centers, software delivery, budgets and team mentoring.",The public post describes the role but does not expose a dedicated employer application page.
social-job-008,Senior Enterprise Architect (Banking or FinTech Experience),Advansys,LinkedIn,Employer vacancy,"Cairo, Egypt",Egypt,Egypt,Full time,Recently indexed,Available,96,Best Fit,Priority 1,A,https://www.linkedin.com/jobs/view/4408807803/,"Strong enterprise architecture, cloud, integration, microservices, API, governance and transformation match.",Banking or FinTech experience is a material requirement and may reduce practical eligibility.
social-job-009,Enterprise Architect,Socium - Teams Done Differently,LinkedIn,Recruiter vacancy,"New Cairo, Egypt",Egypt,Egypt,Hybrid / Contract,Indexed about 3 months ago,Possibly Available,95,Best Fit,Priority 1,B,https://www.linkedin.com/jobs/view/4351946648/,"Strong fit for architecture governance, standards, future-state roadmaps, executive relationships and broad business, data, application and technology architecture.",The role requests 15+ years of enterprise-architecture experience and core-banking knowledge.
social-job-010,Technology Partner / Fractional CTO for AI Chatbot Projects,Independent Client Pipeline,Reddit,Project partnership — not employment,Remote,Global,Remote / Global,Project based / Remote,Posted 14 July 2026,Possibly Available,79,Good Fit,Monitor,C,https://www.reddit.com/r/AISoftwareEngineering/comments/1uw4exs/looking_for_tech_partnerscofounders_to_build_ai/,"Potential side-consulting fit for technical leadership, solution architecture, CRM integration and delivery governance.","The post explicitly offers project-based revenue sharing, not a fixed salary or employee contract."
social-job-011,Digital Transformation Department Manager,Egypt Healthcare Authority — Suez Branch,Facebook,Official social announcement,"Suez, Egypt",Egypt,Egypt,Public-sector supervisory role,Historical social announcement,Not Available,78,Good Fit,Monitor,B,https://www.facebook.com/EgyptHealthAuthority/posts/1090643216569100/,The role family is relevant to healthcare digital transformation and public-sector management.,"The Facebook post had a 15-day application window and is retained only as an archived example, not a current recommendation."
