platform,category,trust,focus,url
LinkedIn Posts,Professional network,High,"Enterprise Architect, IT Director and Digital Transformation roles in Egypt, GCC and Africa.",https://www.linkedin.com/search/results/content/?keywords=%22enterprise%20architect%22%20OR%20%22IT%20director%22%20OR%20%22digital%20transformation%22%20hiring%20Egypt%20GCC
Facebook Posts,Public posts and employer pages,Medium,"Egypt and regional public-sector, healthcare, company and recruiter announcements.",https://www.facebook.com/search/posts/?q=%22IT%20Director%22%20OR%20%22Enterprise%20Architect%22%20OR%20%22Digital%20Transformation%22%20Egypt%20hiring
Facebook Groups,Job communities,Medium / Low,"Search technology, management and remote-work groups; verify every employer and application form.",https://www.facebook.com/search/groups/?q=Egypt%20IT%20jobs%20enterprise%20architect%20digital%20transformation
Instagram #ITJobs,Recruiter and employer posts,Medium / Low,Visual vacancy announcements from recruiters and employer accounts.,https://www.instagram.com/explore/tags/itjobs/
Instagram #HiringEgypt,Egypt hiring hashtag,Medium / Low,Egypt-specific announcements; validate that the account represents the employer or a known recruiter.,https://www.instagram.com/explore/tags/hiringegypt/
X — Live Hiring Search,Real-time public posts,Medium / Low,"Latest architecture, IT leadership, digital transformation and technical-program posts.",https://x.com/search?q=%28%22enterprise%20architect%22%20OR%20%22IT%20director%22%20OR%20%22digital%20transformation%22%20OR%20%22technical%20program%20manager%22%29%20%28Egypt%20OR%20Cairo%20OR%20UAE%20OR%20Saudi%20OR%20Africa%20OR%20remote%29%20hiring&src=typed_query&f=live
Threads — Hiring Search,Public social posts,Medium / Low,Recruiter and company discussions around senior technology hiring.,https://www.threads.com/search?q=%22enterprise%20architect%22%20%22IT%20director%22%20hiring
Reddit — New Job Posts,Community job discovery,Low / Community,"Newest project, fractional CTO, remote technology and consulting opportunities.",https://www.reddit.com/search/?q=hiring%20%22technical%20program%20manager%22%20OR%20%22enterprise%20architect%22%20OR%20%22fractional%20CTO%22&sort=new
Reddit r/forhire,Freelance and contract community,Low / Community,Remote contracts and consulting projects; avoid unpaid trials and unverifiable clients.,https://www.reddit.com/r/forhire/new/
Reddit r/remotejobs,Remote work community,Low / Community,Remote job announcements and discussions; confirm the official employer destination.,https://www.reddit.com/r/remotejobs/new/
TikTok Career Search,Short-form recruiter content,Low,Employer and recruiter videos announcing technology vacancies; always locate the official application page.,https://www.tiktok.com/search?q=enterprise%20architect%20jobs%20Egypt
YouTube Job Announcements,Company and recruiter videos,Medium / Low,"Recruitment videos, webinars and employer career announcements.",https://www.youtube.com/results?search_query=enterprise%20architect%20IT%20director%20hiring%20Egypt%20GCC
Bluesky Hiring Search,Open social network,Medium / Low,Public technology and remote-work hiring posts.,https://bsky.app/search?q=%22enterprise%20architect%22%20hiring
Discord Server Discovery,Professional communities,Low / Community,"Technology, cloud, architecture and remote-work communities; use trusted servers only.",https://discord.com/servers
