id,title,subtitle,type,region,country,location,fit,status,posted,checked,notes,source,url,africaCategory,africaRegion,headquarters,fundingModel,operatingStatus,careersLinkQuality,organizationClass,activeInCountry,regionalOffice
1,African Union,Continental intergovernmental organization,Pan-African Institution,Africa-wide,Ethiopia,Ethiopia,High,Needs Verification,,2026-07-20,"Continental policy, digital transformation, health, infrastructure and programme roles. Directory entry; verify current openings on the official source.",Official careers page,https://jobs.au.int/,Health & Digital Health,East Africa,Ethiopia,Multilateral / member-funded,Directory entry — current country operations require official verification,Direct careers page,Health & Digital Health,Not verified — confirm on the official country page,Ethiopia
2,Africa Centres for Disease Control and Prevention,Africa CDC,Pan-African Health Institution,Africa-wide,Ethiopia,Ethiopia,High,Needs Verification,,2026-07-20,"Public health, digital health, surveillance, data and technology opportunities. Directory entry; verify current openings on the official source.",Official careers page,https://africacdc.org/opportunities/,Health & Digital Health,East Africa,Ethiopia,Not specified — verify from official reports,Directory entry — current country operations require official verification,Direct careers page,Health & Digital Health,Not verified — confirm on the official country page,Ethiopia
3,AUDA-NEPAD,African Union Development Agency,Pan-African Development Institution,Africa-wide,South Africa,South Africa,High,Needs Verification,,2026-07-20,"Development programmes, digital transformation, innovation and regional integration. Directory entry; verify current openings on the official source.",Official careers page,https://www.nepad.org/careers,Technology & Civic Tech,Southern Africa,South Africa,Not specified — verify from official reports,Directory entry — current country operations require official verification,Direct careers page,Technology & Civic Tech,Not verified — confirm on the official country page,South Africa
4,African Development Bank Group,AfDB,Development Finance,Africa-wide,Côte d’Ivoire,Côte d’Ivoire,High,Needs Verification,,2026-07-20,"Development finance, infrastructure, IT, data, operations and digital programmes. Directory entry; verify current openings on the official source.",Official careers page,https://www.afdb.org/en/about-us/careers,Technology & Civic Tech,Pan-African,Côte d’Ivoire,Multilateral / member-funded,Directory entry — current country operations require official verification,Direct careers page,Technology & Civic Tech,Not verified — confirm on the official country page,Africa-wide / not specified
5,United Nations Economic Commission for Africa,UNECA,UN & Multilateral,Africa-wide,Ethiopia,Ethiopia,High,Needs Verification,,2026-07-20,"Economic development, data, digital policy and regional programme roles. Directory entry; verify current openings on the official source.",Official careers page,https://careers.un.org/,UN & Multilateral,East Africa,Ethiopia,Multilateral / member-funded,Directory entry — current country operations require official verification,Direct careers page,UN & Multilateral,Not verified — confirm on the official country page,Ethiopia
6,African Export-Import Bank,Afreximbank,Development Finance,Africa-wide,Egypt,Egypt,High,Needs Verification,,2026-07-20,"Trade finance, technology, operations, data and digital platforms. Directory entry; verify current openings on the official source.",Official careers page,https://www.afreximbank.com/careers/,Technology & Civic Tech,North Africa,Egypt,Not specified — verify from official reports,Directory entry — current country operations require official verification,Direct careers page,Technology & Civic Tech,Not verified — confirm on the official country page,Egypt
7,Africa Finance Corporation,AFC,Development Finance,Africa-wide,Nigeria,Nigeria,High,Needs Verification,,2026-07-20,"Infrastructure finance, technology, investment and corporate systems. Directory entry; verify current openings on the official source.",Official careers page,https://www.africafc.org/careers,Technology & Civic Tech,West Africa,Nigeria,Not specified — verify from official reports,Directory entry — current country operations require official verification,Direct careers page,Technology & Civic Tech,Not verified — confirm on the official country page,Nigeria
8,Trade and Development Bank Group,TDB Group,Development Finance,Eastern & Southern Africa,Kenya,Kenya,High,Needs Verification,,2026-07-20,"Regional finance, operations, technology and programme management. Directory entry; verify current openings on the official source.",Official careers page,https://www.tdbgroup.org/careers/,Technology & Civic Tech,East Africa,Kenya,Not specified — verify from official reports,Directory entry — current country operations require official verification,Direct careers page,Technology & Civic Tech,Not verified — confirm on the official country page,Kenya
9,Africa50,Infrastructure investment platform,Development Finance,Africa-wide,Morocco,Morocco,High,Needs Verification,,2026-07-20,"Infrastructure investment, digital infrastructure and project delivery. Directory entry; verify current openings on the official source.",Official careers page,https://www.africa50.com/careers/,Technology & Civic Tech,North Africa,Morocco,Not specified — verify from official reports,Directory entry — current country operations require official verification,Direct careers page,Technology & Civic Tech,Not verified — confirm on the official country page,Morocco
10,African Risk Capacity,ARC Group,Pan-African Institution,Africa-wide,South Africa,South Africa,High,Needs Verification,,2026-07-20,"Disaster risk, insurance, analytics, data and institutional technology. Directory entry; verify current openings on the official source.",Official careers page,https://www.arc.int/careers,Technology & Civic Tech,Southern Africa,South Africa,Not specified — verify from official reports,Directory entry — current country operations require official verification,Direct careers page,Technology & Civic Tech,Not verified — confirm on the official country page,South Africa
11,African Capacity Building Foundation,ACBF,Pan-African Institution,Africa-wide,Zimbabwe,Zimbabwe,High,Needs Verification,,2026-07-20,"Capacity development, governance, knowledge systems and programme delivery. Directory entry; verify current openings on the official source.",Official organization website,https://www.acbf-pact.org/,African-led Organizations,Southern Africa,Zimbabwe,Foundation-funded / grant-making,Directory entry — current country operations require official verification,General website / careers not confirmed,African-led Organizations,Not verified — confirm on the official country page,Zimbabwe
12,African Peer Review Mechanism,APRM,Pan-African Institution,Africa-wide,South Africa,South Africa,High,Needs Verification,,2026-07-20,"Governance, institutional performance, data and continental programmes. Directory entry; verify current openings on the official source.",Official careers page,https://aprm.au.int/en/opportunities,African-led Organizations,Southern Africa,South Africa,Not specified — verify from official reports,Directory entry — current country operations require official verification,Direct careers page,African-led Organizations,Not verified — confirm on the official country page,South Africa
13,Smart Africa Alliance,Digital transformation alliance,Pan-African Technology Institution,Africa-wide,Rwanda,Rwanda,High,Needs Verification,,2026-07-20,"Digital transformation, ICT policy, digital public infrastructure and innovation. Directory entry; verify current openings on the official source.",Official organization website,https://smartafrica.org/,Research & Policy,East Africa,Rwanda,Not specified — verify from official reports,Directory entry — current country operations require official verification,General website / careers not confirmed,Research & Policy,Not verified — confirm on the official country page,Rwanda
14,African Telecommunications Union,ATU,Pan-African Technology Institution,Africa-wide,Kenya,Kenya,High,Needs Verification,,2026-07-20,"Telecommunications policy, spectrum, digital inclusion and technology programmes. Directory entry; verify current openings on the official source.",Official organization website,https://atuuat.africa/,Research & Policy,East Africa,Kenya,Not specified — verify from official reports,Directory entry — current country operations require official verification,General website / careers not confirmed,Research & Policy,Not verified — confirm on the official country page,Kenya
15,African Trade and Investment Development Insurance,ATIDI,Development Finance,Africa-wide,Kenya,Kenya,High,Needs Verification,,2026-07-20,"Risk, insurance, finance, enterprise systems and regional operations. Directory entry; verify current openings on the official source.",Official careers page,https://www.atidi.africa/careers/,Governance & Development,East Africa,Kenya,Not specified — verify from official reports,Directory entry — current country operations require official verification,Direct careers page,Governance & Development,Not verified — confirm on the official country page,Kenya
16,East African Community,EAC,Regional Economic Community,East Africa,Tanzania,Tanzania,High,Needs Verification,,2026-07-20,"Regional integration, health, customs, digital systems and programmes. Directory entry; verify current openings on the official source.",Official careers page,https://www.eac.int/opportunities/employment,Health & Digital Health,East Africa,Tanzania,Not specified — verify from official reports,Directory entry — current country operations require official verification,Direct careers page,Health & Digital Health,Not verified — confirm on the official country page,Tanzania
17,Economic Community of West African States,ECOWAS,Regional Economic Community,West Africa,Nigeria,Nigeria,High,Needs Verification,,2026-07-20,"Regional programmes, institutions, ICT, health and economic development. Directory entry; verify current openings on the official source.",Official careers page,https://www.ecowas.int/careers/,Health & Digital Health,West Africa,Nigeria,Not specified — verify from official reports,Directory entry — current country operations require official verification,Direct careers page,Health & Digital Health,Not verified — confirm on the official country page,Nigeria
18,Southern African Development Community,SADC,Regional Economic Community,Southern Africa,Botswana,Botswana,High,Needs Verification,,2026-07-20,"Regional development, infrastructure, health, ICT and policy. Directory entry; verify current openings on the official source.",Official careers page,https://www.sadc.int/opportunities/employment,Health & Digital Health,Southern Africa,Botswana,Not specified — verify from official reports,Directory entry — current country operations require official verification,Direct careers page,Health & Digital Health,Not verified — confirm on the official country page,Botswana
19,Common Market for Eastern and Southern Africa,COMESA,Regional Economic Community,Eastern & Southern Africa,Zambia,Zambia,High,Needs Verification,,2026-07-20,"Trade, regional integration, digital systems and programme roles. Directory entry; verify current openings on the official source.",Official careers page,https://www.comesa.int/job-opportunities/,Technology & Civic Tech,Southern Africa,Zambia,Not specified — verify from official reports,Directory entry — current country operations require official verification,Direct careers page,Technology & Civic Tech,Not verified — confirm on the official country page,Zambia
20,Intergovernmental Authority on Development,IGAD,Regional Economic Community,Horn of Africa,Djibouti,Djibouti,High,Needs Verification,,2026-07-20,"Resilience, peace, climate, health, data and regional programme roles. Directory entry; verify current openings on the official source.",Official careers page,https://igad.int/jobs/,Health & Digital Health,Pan-African,Djibouti,Not specified — verify from official reports,Directory entry — current country operations require official verification,Direct careers page,Health & Digital Health,Not verified — confirm on the official country page,Africa-wide / not specified
21,African Legal Support Facility,ALSF,Pan-African Institution,Africa-wide,Côte d’Ivoire,Côte d’Ivoire,Medium,Needs Verification,,2026-07-20,"Legal, institutional, project finance and operational roles. Directory entry; verify current openings on the official source.",Official careers page,https://www.aflsf.org/careers,African-led Organizations,Pan-African,Côte d’Ivoire,Not specified — verify from official reports,Directory entry — current country operations require official verification,Direct careers page,African-led Organizations,Not verified — confirm on the official country page,Africa-wide / not specified
22,African Water Facility,AWF,Pan-African Institution,Africa-wide,Côte d’Ivoire,Côte d’Ivoire,High,Needs Verification,,2026-07-20,"Water programmes, project delivery, data and development operations. Directory entry; verify current openings on the official source.",Official organization website,https://www.afdb.org/en/topics-and-sectors/initiatives-partnerships/african-water-facility,African-led Organizations,Pan-African,Côte d’Ivoire,Not specified — verify from official reports,Directory entry — current country operations require official verification,General website / careers not confirmed,African-led Organizations,Not verified — confirm on the official country page,Africa-wide / not specified
23,African Institute for Economic Development and Planning,IDEP,UN & Regional Institution,Africa-wide,Senegal,Senegal,High,Needs Verification,,2026-07-20,"Economic planning, training, data and regional development. Directory entry; verify current openings on the official source.",Official organization website,https://www.uneca.org/idep,Governance & Development,West Africa,Senegal,Not specified — verify from official reports,Directory entry — current country operations require official verification,General website / careers not confirmed,Governance & Development,Not verified — confirm on the official country page,Senegal
24,African Organisation of English-speaking Supreme Audit Institutions,AFROSAI-E,Governance Institution,Africa-wide,South Africa,South Africa,High,Needs Verification,,2026-07-20,"Public-sector governance, audit, digital transformation and capacity development. Directory entry; verify current openings on the official source.",Official organization website,https://afrosai-e.org.za/,Technology & Civic Tech,Southern Africa,South Africa,Not specified — verify from official reports,Directory entry — current country operations require official verification,General website / careers not confirmed,Technology & Civic Tech,Not verified — confirm on the official country page,South Africa
25,African Tax Administration Forum,ATAF,Pan-African Institution,Africa-wide,South Africa,South Africa,High,Needs Verification,,2026-07-20,"Tax administration, digital government, data and institutional systems. Directory entry; verify current openings on the official source.",Official careers page,https://www.ataftax.org/careers,Technology & Civic Tech,Southern Africa,South Africa,Not specified — verify from official reports,Directory entry — current country operations require official verification,Direct careers page,Technology & Civic Tech,Not verified — confirm on the official country page,South Africa
26,United Nations Development Programme,UNDP,UN & Multilateral,Africa-wide,Multiple African countries,Multiple African countries,High,Needs Verification,,2026-07-20,"Digital transformation, governance, data, programme technology and development. Directory entry; verify current openings on the official source.",Official careers page,https://www.undp.org/careers,UN & Multilateral,Pan-African,Multiple African countries,Multilateral / member-funded,Directory entry — current country operations require official verification,Direct careers page,UN & Multilateral,Not verified — confirm on the official country page,Africa-wide / not specified
27,United Nations Children’s Fund,UNICEF,UN & Multilateral,Africa-wide,Multiple African countries,Multiple African countries,High,Needs Verification,,2026-07-20,"Technology for development, data, health, education and programme operations. Directory entry; verify current openings on the official source.",Official careers page,https://www.unicef.org/careers,UN & Multilateral,Pan-African,Multiple African countries,Multilateral / member-funded,Directory entry — current country operations require official verification,Direct careers page,UN & Multilateral,Not verified — confirm on the official country page,Africa-wide / not specified
28,World Health Organization,WHO,UN & Multilateral,Africa-wide,Multiple African countries,Multiple African countries,High,Needs Verification,,2026-07-20,"Digital health, health information systems, data, IT and public health. Directory entry; verify current openings on the official source.",Official careers page,https://www.who.int/careers,UN & Multilateral,Pan-African,Multiple African countries,Not specified — verify from official reports,Directory entry — current country operations require official verification,Direct careers page,UN & Multilateral,Not verified — confirm on the official country page,Africa-wide / not specified
29,World Food Programme,WFP,UN & Multilateral,Africa-wide,Multiple African countries,Multiple African countries,High,Needs Verification,,2026-07-20,"Supply chain, digital assistance, data, enterprise technology and operations. Directory entry; verify current openings on the official source.",Official careers page,https://www.wfp.org/careers,UN & Multilateral,Pan-African,Multiple African countries,Not specified — verify from official reports,Directory entry — current country operations require official verification,Direct careers page,UN & Multilateral,Not verified — confirm on the official country page,Africa-wide / not specified
30,United Nations High Commissioner for Refugees,UNHCR,UN & Multilateral,Africa-wide,Multiple African countries,Multiple African countries,High,Needs Verification,,2026-07-20,"Refugee response, digital services, data, IT and field operations. Directory entry; verify current openings on the official source.",Official careers page,https://www.unhcr.org/careers.html,UN & Multilateral,Pan-African,Multiple African countries,Multilateral / member-funded,Directory entry — current country operations require official verification,Direct careers page,UN & Multilateral,Not verified — confirm on the official country page,Africa-wide / not specified
31,International Organization for Migration,IOM,UN & Multilateral,Africa-wide,Multiple African countries,Multiple African countries,High,Needs Verification,,2026-07-20,"Migration programmes, data, digital systems, health and operations. Directory entry; verify current openings on the official source.",Official careers page,https://www.iom.int/careers,UN & Multilateral,Pan-African,Multiple African countries,Not specified — verify from official reports,Directory entry — current country operations require official verification,Direct careers page,UN & Multilateral,Not verified — confirm on the official country page,Africa-wide / not specified
32,United Nations Office for Project Services,UNOPS,UN & Multilateral,Africa-wide,Multiple African countries,Multiple African countries,High,Needs Verification,,2026-07-20,"Infrastructure, procurement, project delivery, digital systems and operations. Directory entry; verify current openings on the official source.",Official careers page,https://jobs.unops.org/,UN & Multilateral,Pan-African,Multiple African countries,Multilateral / member-funded,Directory entry — current country operations require official verification,Direct careers page,UN & Multilateral,Not verified — confirm on the official country page,Africa-wide / not specified
33,United Nations Population Fund,UNFPA,UN & Multilateral,Africa-wide,Multiple African countries,Multiple African countries,High,Needs Verification,,2026-07-20,"Population data, reproductive health, digital systems and programmes. Directory entry; verify current openings on the official source.",Official careers page,https://www.unfpa.org/jobs,UN & Multilateral,Pan-African,Multiple African countries,Multilateral / member-funded,Directory entry — current country operations require official verification,Direct careers page,UN & Multilateral,Not verified — confirm on the official country page,Africa-wide / not specified
34,UN Women,United Nations Entity for Gender Equality,UN & Multilateral,Africa-wide,Multiple African countries,Multiple African countries,High,Needs Verification,,2026-07-20,"Gender programmes, data, digital inclusion and programme management. Directory entry; verify current openings on the official source.",Official careers page,https://www.unwomen.org/en/about-us/employment,UN & Multilateral,Pan-African,Multiple African countries,Not specified — verify from official reports,Directory entry — current country operations require official verification,Direct careers page,UN & Multilateral,Not verified — confirm on the official country page,Africa-wide / not specified
35,Food and Agriculture Organization,FAO,UN & Multilateral,Africa-wide,Multiple African countries,Multiple African countries,High,Needs Verification,,2026-07-20,"Agriculture, data, digital innovation, information systems and programmes. Directory entry; verify current openings on the official source.",Official careers page,https://www.fao.org/employment/home/en,UN & Multilateral,Pan-African,Multiple African countries,Not specified — verify from official reports,Directory entry — current country operations require official verification,Direct careers page,UN & Multilateral,Not verified — confirm on the official country page,Africa-wide / not specified
36,International Fund for Agricultural Development,IFAD,UN & Multilateral,Africa-wide,Multiple African countries,Multiple African countries,High,Needs Verification,,2026-07-20,"Rural development, digital agriculture, programme management and data. Directory entry; verify current openings on the official source.",Official careers page,https://www.ifad.org/en/careers,UN & Multilateral,Pan-African,Multiple African countries,Not specified — verify from official reports,Directory entry — current country operations require official verification,Direct careers page,UN & Multilateral,Not verified — confirm on the official country page,Africa-wide / not specified
37,International Labour Organization,ILO,UN & Multilateral,Africa-wide,Multiple African countries,Multiple African countries,High,Needs Verification,,2026-07-20,"Employment, digital labour, programme management, data and IT. Directory entry; verify current openings on the official source.",Official careers page,https://jobs.ilo.org/,UN & Multilateral,Pan-African,Multiple African countries,Not specified — verify from official reports,Directory entry — current country operations require official verification,Direct careers page,UN & Multilateral,Not verified — confirm on the official country page,Africa-wide / not specified
38,"United Nations Educational, Scientific and Cultural Organization",UNESCO,UN & Multilateral,Africa-wide,Multiple African countries,Multiple African countries,High,Needs Verification,,2026-07-20,"Education technology, science, culture, data and programme roles. Directory entry; verify current openings on the official source.",Official careers page,https://careers.unesco.org/,UN & Multilateral,Pan-African,Multiple African countries,Multilateral / member-funded,Directory entry — current country operations require official verification,Direct careers page,UN & Multilateral,Not verified — confirm on the official country page,Africa-wide / not specified
39,United Nations Environment Programme,UNEP,UN & Multilateral,Africa-wide,Kenya,Kenya,High,Needs Verification,,2026-07-20,"Environment, climate data, digital solutions and programme management. Directory entry; verify current openings on the official source.",Official careers page,https://www.unep.org/work-with-us,UN & Multilateral,East Africa,Kenya,Multilateral / member-funded,Directory entry — current country operations require official verification,Direct careers page,UN & Multilateral,Not verified — confirm on the official country page,Kenya
40,UN-Habitat,United Nations Human Settlements Programme,UN & Multilateral,Africa-wide,Kenya,Kenya,High,Needs Verification,,2026-07-20,"Urban development, GIS, data, digital cities and programme delivery. Directory entry; verify current openings on the official source.",Official careers page,https://unhabitat.org/join-us,UN & Multilateral,East Africa,Kenya,Not specified — verify from official reports,Directory entry — current country operations require official verification,Direct careers page,UN & Multilateral,Not verified — confirm on the official country page,Kenya
41,Joint United Nations Programme on HIV/AIDS,UNAIDS,UN & Multilateral,Africa-wide,Multiple African countries,Multiple African countries,High,Needs Verification,,2026-07-20,"Health data, digital programmes, policy and operations. Directory entry; verify current openings on the official source.",Official careers page,https://www.unaids.org/en/whoweare/jobs,UN & Multilateral,Pan-African,Multiple African countries,Multilateral / member-funded,Directory entry — current country operations require official verification,Direct careers page,UN & Multilateral,Not verified — confirm on the official country page,Africa-wide / not specified
42,United Nations Office for the Coordination of Humanitarian Affairs,OCHA,UN & Multilateral,Africa-wide,Multiple African countries,Multiple African countries,High,Needs Verification,,2026-07-20,"Humanitarian coordination, information management, data and technology. Directory entry; verify current openings on the official source.",Official careers page,https://careers.un.org/,UN & Multilateral,Pan-African,Multiple African countries,Multilateral / member-funded,Directory entry — current country operations require official verification,Direct careers page,UN & Multilateral,Not verified — confirm on the official country page,Africa-wide / not specified
43,International Telecommunication Union,ITU,UN & Multilateral,Africa-wide,Multiple African countries,Multiple African countries,High,Needs Verification,,2026-07-20,"Digital development, connectivity, policy, standards and technology. Directory entry; verify current openings on the official source.",Official careers page,https://www.itu.int/en/careers/Pages/default.aspx,UN & Multilateral,Pan-African,Multiple African countries,Not specified — verify from official reports,Directory entry — current country operations require official verification,Direct careers page,UN & Multilateral,Not verified — confirm on the official country page,Africa-wide / not specified
44,World Bank Group,International development finance,Development Finance,Africa-wide,Multiple African countries,Multiple African countries,High,Needs Verification,,2026-07-20,"GovTech, digital development, health systems, data and enterprise technology. Directory entry; verify current openings on the official source.",Official careers page,https://www.worldbank.org/en/about/careers,Health & Digital Health,Pan-African,Multiple African countries,Multilateral / member-funded,Directory entry — current country operations require official verification,Direct careers page,Health & Digital Health,Not verified — confirm on the official country page,Africa-wide / not specified
45,International Finance Corporation,IFC — World Bank private-sector arm,Development Finance,Africa-wide,Multiple African countries,Multiple African countries,High,Needs Verification,,2026-07-20,"Private-sector development, digital finance, infrastructure and technology. Directory entry; verify current openings on the official source.",Official careers page,https://www.ifc.org/en/about/careers,Technology & Civic Tech,Pan-African,Multiple African countries,Not specified — verify from official reports,Directory entry — current country operations require official verification,Direct careers page,Technology & Civic Tech,Not verified — confirm on the official country page,Africa-wide / not specified
46,International Rescue Committee,IRC,Humanitarian NGO,Africa-wide,Multiple African countries,Multiple African countries,High,Needs Verification,,2026-07-20,"Humanitarian programmes, data, technology, operations and country leadership. Directory entry; verify current openings on the official source.",Official careers page,https://careers.rescue.org/,Humanitarian,Pan-African,Multiple African countries,Not specified — verify from official reports,Directory entry — current country operations require official verification,Direct careers page,Humanitarian,Not verified — confirm on the official country page,Africa-wide / not specified
47,Norwegian Refugee Council,NRC,Humanitarian NGO,Africa-wide,Multiple African countries,Multiple African countries,High,Needs Verification,,2026-07-20,"Displacement response, information management, digital systems and operations. Directory entry; verify current openings on the official source.",Official careers page,https://www.nrc.no/career/,Humanitarian,Pan-African,Multiple African countries,Not specified — verify from official reports,Directory entry — current country operations require official verification,Direct careers page,Humanitarian,Not verified — confirm on the official country page,Africa-wide / not specified
48,Danish Refugee Council,DRC,Humanitarian NGO,Africa-wide,Multiple African countries,Multiple African countries,High,Needs Verification,,2026-07-20,"Humanitarian programmes, data, IT, operations and regional management. Directory entry; verify current openings on the official source.",Official careers page,https://job.drc.ngo/jobs,Humanitarian,Pan-African,Multiple African countries,Not specified — verify from official reports,Directory entry — current country operations require official verification,Direct careers page,Humanitarian,Not verified — confirm on the official country page,Africa-wide / not specified
49,Save the Children International,SCI,Humanitarian & Development NGO,Africa-wide,Multiple African countries,Multiple African countries,High,Needs Verification,,2026-07-20,"Child-focused programmes, technology, data, health, education and operations. Directory entry; verify current openings on the official source.",Official careers page,https://www.savethechildren.net/careers,Health & Digital Health,Pan-African,Multiple African countries,Not specified — verify from official reports,Directory entry — current country operations require official verification,Direct careers page,Health & Digital Health,Not verified — confirm on the official country page,Africa-wide / not specified
50,World Vision International,WVI,Humanitarian & Development NGO,Africa-wide,Multiple African countries,Multiple African countries,High,Needs Verification,,2026-07-20,"Development programmes, digital solutions, data, supply chain and leadership. Directory entry; verify current openings on the official source.",Official careers page,https://www.wvi.org/careers,Humanitarian,Pan-African,Multiple African countries,Not specified — verify from official reports,Directory entry — current country operations require official verification,Direct careers page,Humanitarian,Not verified — confirm on the official country page,Africa-wide / not specified
51,CARE International,CARE,Humanitarian & Development NGO,Africa-wide,Multiple African countries,Multiple African countries,High,Needs Verification,,2026-07-20,"Humanitarian response, gender, programme technology, data and operations. Directory entry; verify current openings on the official source.",Official careers page,https://www.care-international.org/jobs,Humanitarian,Pan-African,Multiple African countries,Not specified — verify from official reports,Directory entry — current country operations require official verification,Direct careers page,Humanitarian,Not verified — confirm on the official country page,Africa-wide / not specified
52,Oxfam International,Oxfam,Humanitarian & Development NGO,Africa-wide,Multiple African countries,Multiple African countries,High,Needs Verification,,2026-07-20,"Humanitarian and development programmes, data, systems and operations. Directory entry; verify current openings on the official source.",Official careers page,https://www.oxfam.org/en/take-action/jobs,Humanitarian,Pan-African,Multiple African countries,Not specified — verify from official reports,Directory entry — current country operations require official verification,Direct careers page,Humanitarian,Not verified — confirm on the official country page,Africa-wide / not specified
53,Mercy Corps,International NGO,Humanitarian & Development NGO,Africa-wide,Multiple African countries,Multiple African countries,High,Needs Verification,,2026-07-20,"Resilience, economic development, technology, data and country operations. Directory entry; verify current openings on the official source.",Official careers page,https://www.mercycorps.org/careers,Humanitarian,Pan-African,Multiple African countries,Not specified — verify from official reports,Directory entry — current country operations require official verification,Direct careers page,Humanitarian,Not verified — confirm on the official country page,Africa-wide / not specified
54,Médecins Sans Frontières,MSF,Medical Humanitarian NGO,Africa-wide,Multiple African countries,Multiple African countries,Medium,Needs Verification,,2026-07-20,"Medical programmes, health information, logistics, IT and operations. Directory entry; verify current openings on the official source.",Official organization website,https://www.msf.org/work-msf,Health & Digital Health,Pan-African,Multiple African countries,Not specified — verify from official reports,Directory entry — current country operations require official verification,General website / careers not confirmed,Health & Digital Health,Not verified — confirm on the official country page,Africa-wide / not specified
55,International Committee of the Red Cross,ICRC,Humanitarian Organization,Africa-wide,Multiple African countries,Multiple African countries,High,Needs Verification,,2026-07-20,"Humanitarian operations, ICT, data protection, logistics and field management. Directory entry; verify current openings on the official source.",Official careers page,https://careers.icrc.org/,Humanitarian,Pan-African,Multiple African countries,Not specified — verify from official reports,Directory entry — current country operations require official verification,Direct careers page,Humanitarian,Not verified — confirm on the official country page,Africa-wide / not specified
56,International Federation of Red Cross and Red Crescent Societies,IFRC,Humanitarian Organization,Africa-wide,Multiple African countries,Multiple African countries,High,Needs Verification,,2026-07-20,"Disaster response, digital transformation, information management and operations. Directory entry; verify current openings on the official source.",Official careers page,https://www.ifrc.org/jobs,Humanitarian,Pan-African,Multiple African countries,Not specified — verify from official reports,Directory entry — current country operations require official verification,Direct careers page,Humanitarian,Not verified — confirm on the official country page,Africa-wide / not specified
57,Catholic Relief Services,CRS,Humanitarian & Development NGO,Africa-wide,Multiple African countries,Multiple African countries,High,Needs Verification,,2026-07-20,"Development, humanitarian response, ICT4D, data and programme management. Directory entry; verify current openings on the official source.",Official careers page,https://www.crs.org/about/careers,Humanitarian,Pan-African,Multiple African countries,Not specified — verify from official reports,Directory entry — current country operations require official verification,Direct careers page,Humanitarian,Not verified — confirm on the official country page,Africa-wide / not specified
58,Action Against Hunger,ACF,Humanitarian NGO,Africa-wide,Multiple African countries,Multiple African countries,High,Needs Verification,,2026-07-20,"Nutrition, health, WASH, data, operations and humanitarian programmes. Directory entry; verify current openings on the official source.",Official careers page,https://www.actionagainsthunger.org/careers/,Health & Digital Health,Pan-African,Multiple African countries,Not specified — verify from official reports,Directory entry — current country operations require official verification,Direct careers page,Health & Digital Health,Not verified — confirm on the official country page,Africa-wide / not specified
59,Concern Worldwide,International NGO,Humanitarian & Development NGO,Africa-wide,Multiple African countries,Multiple African countries,High,Needs Verification,,2026-07-20,"Humanitarian programmes, digital data, monitoring and country operations. Directory entry; verify current openings on the official source.",Official careers page,https://jobs.concern.net/,Humanitarian,Pan-African,Multiple African countries,Not specified — verify from official reports,Directory entry — current country operations require official verification,Direct careers page,Humanitarian,Not verified — confirm on the official country page,Africa-wide / not specified
60,GOAL Global,International NGO,Humanitarian & Development NGO,Africa-wide,Multiple African countries,Multiple African countries,High,Needs Verification,,2026-07-20,"Humanitarian programmes, health, resilience, technology and operations. Directory entry; verify current openings on the official source.",Official careers page,https://www.goalglobal.org/careers/,Health & Digital Health,Pan-African,Multiple African countries,Not specified — verify from official reports,Directory entry — current country operations require official verification,Direct careers page,Health & Digital Health,Not verified — confirm on the official country page,Africa-wide / not specified
61,ACTED,Agency for Technical Cooperation and Development,Humanitarian NGO,Africa-wide,Multiple African countries,Multiple African countries,High,Needs Verification,,2026-07-20,"Humanitarian response, programme management, information systems and logistics. Directory entry; verify current openings on the official source.",Official careers page,https://www.acted.org/en/join-us/,Humanitarian,Pan-African,Multiple African countries,Not specified — verify from official reports,Directory entry — current country operations require official verification,Direct careers page,Humanitarian,Not verified — confirm on the official country page,Africa-wide / not specified
62,Humanity & Inclusion,Handicap International,Humanitarian NGO,Africa-wide,Multiple African countries,Multiple African countries,High,Needs Verification,,2026-07-20,"Disability inclusion, humanitarian programmes, data and operations. Directory entry; verify current openings on the official source.",Official careers page,https://www.hi.org/en/jobs,Humanitarian,Pan-African,Multiple African countries,Not specified — verify from official reports,Directory entry — current country operations require official verification,Direct careers page,Humanitarian,Not verified — confirm on the official country page,Africa-wide / not specified
63,Plan International,International development organization,Humanitarian & Development NGO,Africa-wide,Multiple African countries,Multiple African countries,High,Needs Verification,,2026-07-20,"Children, gender equality, digital programmes, data and country operations. Directory entry; verify current openings on the official source.",Official careers page,https://jobs.plan-international.org/,Humanitarian,Pan-African,Multiple African countries,Not specified — verify from official reports,Directory entry — current country operations require official verification,Direct careers page,Humanitarian,Not verified — confirm on the official country page,Africa-wide / not specified
64,SOS Children’s Villages International,Child development organization,Humanitarian & Development NGO,Africa-wide,Multiple African countries,Multiple African countries,High,Needs Verification,,2026-07-20,"Child protection, education, digital systems and programme operations. Directory entry; verify current openings on the official source.",Official careers page,https://www.sos-childrensvillages.org/jobs,Humanitarian,Pan-African,Multiple African countries,Not specified — verify from official reports,Directory entry — current country operations require official verification,Direct careers page,Humanitarian,Not verified — confirm on the official country page,Africa-wide / not specified
65,Islamic Relief Worldwide,IRW,Humanitarian & Development NGO,Africa-wide,Multiple African countries,Multiple African countries,High,Needs Verification,,2026-07-20,"Humanitarian assistance, development, systems, data and operations. Directory entry; verify current openings on the official source.",Official careers page,https://www.islamic-relief.org/category/jobs/,Humanitarian,Pan-African,Multiple African countries,Not specified — verify from official reports,Directory entry — current country operations require official verification,Direct careers page,Humanitarian,Not verified — confirm on the official country page,Africa-wide / not specified
66,Tearfund,International development charity,Humanitarian & Development NGO,Africa-wide,Multiple African countries,Multiple African countries,High,Needs Verification,,2026-07-20,"Development, humanitarian response, digital programmes and operations. Directory entry; verify current openings on the official source.",Official careers page,https://www.tearfund.org/about-us/jobs,Humanitarian,Pan-African,Multiple African countries,Not specified — verify from official reports,Directory entry — current country operations require official verification,Direct careers page,Humanitarian,Not verified — confirm on the official country page,Africa-wide / not specified
67,Welthungerhilfe,German development NGO,Humanitarian & Development NGO,Africa-wide,Multiple African countries,Multiple African countries,High,Needs Verification,,2026-07-20,"Food security, development, digital data and programme management. Directory entry; verify current openings on the official source.",Official careers page,https://www.welthungerhilfe.org/jobs,Humanitarian,Pan-African,Multiple African countries,Not specified — verify from official reports,Directory entry — current country operations require official verification,Direct careers page,Humanitarian,Not verified — confirm on the official country page,Africa-wide / not specified
68,Johanniter International Assistance,Humanitarian organization,Humanitarian NGO,Africa-wide,Multiple African countries,Multiple African countries,High,Needs Verification,,2026-07-20,"Health, humanitarian response, logistics, technology and operations. Directory entry; verify current openings on the official source.",Official careers page,https://www.johanniter.de/johanniter-unfall-hilfe/international-assistance/jobs/,Health & Digital Health,Pan-African,Multiple African countries,Not specified — verify from official reports,Directory entry — current country operations require official verification,Direct careers page,Health & Digital Health,Not verified — confirm on the official country page,Africa-wide / not specified
69,Malteser International,Humanitarian relief agency,Humanitarian NGO,Africa-wide,Multiple African countries,Multiple African countries,High,Needs Verification,,2026-07-20,"Health, humanitarian operations, data, logistics and field systems. Directory entry; verify current openings on the official source.",Official careers page,https://www.malteser-international.org/en/jobs.html,Health & Digital Health,Pan-African,Multiple African countries,Not specified — verify from official reports,Directory entry — current country operations require official verification,Direct careers page,Health & Digital Health,Not verified — confirm on the official country page,Africa-wide / not specified
70,Medair,Humanitarian organization,Humanitarian NGO,Africa-wide,Multiple African countries,Multiple African countries,High,Needs Verification,,2026-07-20,"Health, WASH, shelter, logistics, data and humanitarian operations. Directory entry; verify current openings on the official source.",Official careers page,https://www.medair.org/jobs/,Health & Digital Health,Pan-African,Multiple African countries,Not specified — verify from official reports,Directory entry — current country operations require official verification,Direct careers page,Health & Digital Health,Not verified — confirm on the official country page,Africa-wide / not specified
71,International Medical Corps,Medical humanitarian NGO,Medical Humanitarian NGO,Africa-wide,Multiple African countries,Multiple African countries,High,Needs Verification,,2026-07-20,"Health programmes, information systems, digital health and operations. Directory entry; verify current openings on the official source.",Official careers page,https://careers.internationalmedicalcorps.org/,Health & Digital Health,Pan-African,Multiple African countries,Not specified — verify from official reports,Directory entry — current country operations require official verification,Direct careers page,Health & Digital Health,Not verified — confirm on the official country page,Africa-wide / not specified
72,Relief International,Humanitarian and development organization,Humanitarian NGO,Africa-wide,Multiple African countries,Multiple African countries,High,Needs Verification,,2026-07-20,"Humanitarian programmes, health, data, digital systems and operations. Directory entry; verify current openings on the official source.",Official careers page,https://www.ri.org/work-with-us/,Health & Digital Health,Pan-African,Multiple African countries,Not specified — verify from official reports,Directory entry — current country operations require official verification,Direct careers page,Health & Digital Health,Not verified — confirm on the official country page,Africa-wide / not specified
73,Solidarités International,Humanitarian NGO,Humanitarian NGO,Africa-wide,Multiple African countries,Multiple African countries,Medium,Needs Verification,,2026-07-20,"WASH, humanitarian response, information management and logistics. Directory entry; verify current openings on the official source.",Official careers page,https://www.solidarites.org/en/taking-action/work-with-us/,Humanitarian,Pan-African,Multiple African countries,Not specified — verify from official reports,Directory entry — current country operations require official verification,Direct careers page,Humanitarian,Not verified — confirm on the official country page,Africa-wide / not specified
74,War Child,Child protection NGO,Humanitarian NGO,Africa-wide,Multiple African countries,Multiple African countries,High,Needs Verification,,2026-07-20,"Child protection, education, digital programmes and country operations. Directory entry; verify current openings on the official source.",Official careers page,https://www.warchild.net/jobs/,Humanitarian,Pan-African,Multiple African countries,Not specified — verify from official reports,Directory entry — current country operations require official verification,Direct careers page,Humanitarian,Not verified — confirm on the official country page,Africa-wide / not specified
75,INTERSOS,Humanitarian organization,Humanitarian NGO,Africa-wide,Multiple African countries,Multiple African countries,Medium,Needs Verification,,2026-07-20,"Emergency response, protection, information management and operations. Directory entry; verify current openings on the official source.",Official careers page,https://www.intersos.org/en/work-with-us/,Humanitarian,Pan-African,Multiple African countries,Not specified — verify from official reports,Directory entry — current country operations require official verification,Direct careers page,Humanitarian,Not verified — confirm on the official country page,Africa-wide / not specified
76,"International Organization for Relief, Welfare and Development",Muslim Aid,Humanitarian & Development NGO,Africa-wide,Multiple African countries,Multiple African countries,Medium,Needs Verification,,2026-07-20,"Humanitarian response, development programmes and operational roles. Directory entry; verify current openings on the official source.",Official careers page,https://www.muslimaid.org/about-us/careers/,Humanitarian,Pan-African,Multiple African countries,Not specified — verify from official reports,Directory entry — current country operations require official verification,Direct careers page,Humanitarian,Not verified — confirm on the official country page,Africa-wide / not specified
77,The HALO Trust,Humanitarian mine action NGO,Humanitarian NGO,Africa-wide,Multiple African countries,Multiple African countries,High,Needs Verification,,2026-07-20,"Mine action, GIS, data, field operations and programme management. Directory entry; verify current openings on the official source.",Official careers page,https://www.halotrust.org/about-us/careers/,Humanitarian,Pan-African,Multiple African countries,Not specified — verify from official reports,Directory entry — current country operations require official verification,Direct careers page,Humanitarian,Not verified — confirm on the official country page,Africa-wide / not specified
78,Mines Advisory Group,MAG,Humanitarian NGO,Africa-wide,Multiple African countries,Multiple African countries,High,Needs Verification,,2026-07-20,"Mine action, information management, operations and programme technology. Directory entry; verify current openings on the official source.",Official organization website,https://www.maginternational.org/work-for-us/,Humanitarian,Pan-African,Multiple African countries,Not specified — verify from official reports,Directory entry — current country operations require official verification,General website / careers not confirmed,Humanitarian,Not verified — confirm on the official country page,Africa-wide / not specified
79,ShelterBox,Disaster relief organization,Humanitarian NGO,Africa-wide,Multiple African countries,Multiple African countries,High,Needs Verification,,2026-07-20,"Emergency response, logistics, technology and programme operations. Directory entry; verify current openings on the official source.",Official careers page,https://www.shelterbox.org/careers/,Humanitarian,Pan-African,Multiple African countries,Not specified — verify from official reports,Directory entry — current country operations require official verification,Direct careers page,Humanitarian,Not verified — confirm on the official country page,Africa-wide / not specified
80,Norwegian Church Aid,NCA,Humanitarian & Development NGO,Africa-wide,Multiple African countries,Multiple African countries,Medium,Needs Verification,,2026-07-20,"WASH, peacebuilding, humanitarian response and operations. Directory entry; verify current openings on the official source.",Official organization website,https://www.kirkensnodhjelp.no/en/about-nca/vacancies/,Humanitarian,Pan-African,Multiple African countries,Not specified — verify from official reports,Directory entry — current country operations require official verification,Direct careers page,Humanitarian,Not verified — confirm on the official country page,Africa-wide / not specified
81,Lutheran World Federation,LWF,Humanitarian & Development NGO,Africa-wide,Multiple African countries,Multiple African countries,High,Needs Verification,,2026-07-20,"Humanitarian programmes, refugees, data and field operations. Directory entry; verify current openings on the official source.",Official careers page,https://www.lutheranworld.org/careers,Humanitarian,Pan-African,Multiple African countries,Not specified — verify from official reports,Directory entry — current country operations require official verification,Direct careers page,Humanitarian,Not verified — confirm on the official country page,Africa-wide / not specified
82,Caritas Internationalis,Global humanitarian confederation,Humanitarian & Development NGO,Africa-wide,Multiple African countries,Multiple African countries,Medium,Needs Verification,,2026-07-20,Humanitarian and development programmes through African member organizations. Directory entry; verify current openings on the official source.,Official careers page,https://www.caritas.org/who-we-are/careers/,Humanitarian,Pan-African,Multiple African countries,Not specified — verify from official reports,Directory entry — current country operations require official verification,Direct careers page,Humanitarian,Not verified — confirm on the official country page,Africa-wide / not specified
83,Amref Health Africa,African health development organization,African Health NGO,Africa-wide,Kenya,Kenya,High,Needs Verification,,2026-07-20,"Digital health, health systems, data, workforce development and technology. Directory entry; verify current openings on the official source.",Official careers page,https://careers.amref.org/,Health & Digital Health,East Africa,Kenya,Not specified — verify from official reports,Directory entry — current country operations require official verification,Direct careers page,Health & Digital Health,Not verified — confirm on the official country page,Kenya
84,PATH,Global health innovation organization,Global Health NGO,Africa-wide,Multiple African countries,Multiple African countries,High,Needs Verification,,2026-07-20,"Digital health, data systems, medical technology and health programmes. Directory entry; verify current openings on the official source.",Official careers page,https://www.path.org/careers/,Health & Digital Health,Pan-African,Multiple African countries,Not specified — verify from official reports,Directory entry — current country operations require official verification,Direct careers page,Health & Digital Health,Not verified — confirm on the official country page,Africa-wide / not specified
85,Clinton Health Access Initiative,CHAI,Global Health NGO,Africa-wide,Multiple African countries,Multiple African countries,High,Needs Verification,,2026-07-20,"Health systems, digital health, analytics, access and programme operations. Directory entry; verify current openings on the official source.",Official careers page,https://www.clintonhealthaccess.org/careers/,Health & Digital Health,Pan-African,Multiple African countries,Not specified — verify from official reports,Directory entry — current country operations require official verification,Direct careers page,Health & Digital Health,Not verified — confirm on the official country page,Africa-wide / not specified
86,Jhpiego,Johns Hopkins affiliate,Global Health NGO,Africa-wide,Multiple African countries,Multiple African countries,High,Needs Verification,,2026-07-20,"Health systems, digital health, maternal health, data and programme management. Directory entry; verify current openings on the official source.",Official careers page,https://jobs-jhpiego.icims.com/jobs/,Health & Digital Health,Pan-African,Multiple African countries,Not specified — verify from official reports,Directory entry — current country operations require official verification,Direct careers page,Health & Digital Health,Not verified — confirm on the official country page,Africa-wide / not specified
87,FHI 360,International development organization,Development Implementer,Africa-wide,Multiple African countries,Multiple African countries,High,Needs Verification,,2026-07-20,"Health, education, data, technology, research and programme delivery. Directory entry; verify current openings on the official source.",Official careers page,https://www.fhi360.org/careers,Health & Digital Health,Pan-African,Multiple African countries,Not specified — verify from official reports,Directory entry — current country operations require official verification,Direct careers page,Health & Digital Health,Not verified — confirm on the official country page,Africa-wide / not specified
88,Population Services International,PSI,Global Health NGO,Africa-wide,Multiple African countries,Multiple African countries,High,Needs Verification,,2026-07-20,"Digital health, market systems, data, public health and country programmes. Directory entry; verify current openings on the official source.",Official careers page,https://www.psi.org/careers/,Health & Digital Health,Pan-African,Multiple African countries,Not specified — verify from official reports,Directory entry — current country operations require official verification,Direct careers page,Health & Digital Health,Not verified — confirm on the official country page,Africa-wide / not specified
89,Elizabeth Glaser Pediatric AIDS Foundation,EGPAF,Global Health NGO,Africa-wide,Multiple African countries,Multiple African countries,High,Needs Verification,,2026-07-20,"HIV, health data, digital systems, programme delivery and research. Directory entry; verify current openings on the official source.",Official careers page,https://pedaids.org/about/careers/,Health & Digital Health,Pan-African,Multiple African countries,Foundation-funded / grant-making,Directory entry — current country operations require official verification,Direct careers page,Health & Digital Health,Not verified — confirm on the official country page,Africa-wide / not specified
90,IntraHealth International,Global health workforce organization,Global Health NGO,Africa-wide,Multiple African countries,Multiple African countries,High,Needs Verification,,2026-07-20,"Health workforce information systems, digital health and data. Directory entry; verify current openings on the official source.",Official careers page,https://www.intrahealth.org/careers,Health & Digital Health,Pan-African,Multiple African countries,Not specified — verify from official reports,Directory entry — current country operations require official verification,Direct careers page,Health & Digital Health,Not verified — confirm on the official country page,Africa-wide / not specified
91,VillageReach,Health systems organization,Global Health NGO,Sub-Saharan Africa,Multiple African countries,Multiple African countries,High,Needs Verification,,2026-07-20,"Health supply chains, digital health, data systems and last-mile delivery. Directory entry; verify current openings on the official source.",Official careers page,https://www.villagereach.org/careers/,Health & Digital Health,Pan-African,Multiple African countries,Not specified — verify from official reports,Directory entry — current country operations require official verification,Direct careers page,Health & Digital Health,Not verified — confirm on the official country page,Africa-wide / not specified
92,Living Goods,Community health organization,African Health NGO,East Africa,Kenya / Uganda,Kenya / Uganda,High,Needs Verification,,2026-07-20,"Community health, digital tools, data platforms and programme operations. Directory entry; verify current openings on the official source.",Official careers page,https://livinggoods.org/careers/,Health & Digital Health,East Africa,Kenya / Uganda,Not specified — verify from official reports,Directory entry — current country operations require official verification,Direct careers page,Health & Digital Health,Not verified — confirm on the official country page,Kenya / Uganda
93,Last Mile Health,Community health systems organization,Global Health NGO,Sub-Saharan Africa,Multiple African countries,Multiple African countries,High,Needs Verification,,2026-07-20,"Community health systems, digital learning, data and programme technology. Directory entry; verify current openings on the official source.",Official careers page,https://lastmilehealth.org/careers/,Health & Digital Health,Pan-African,Multiple African countries,Not specified — verify from official reports,Directory entry — current country operations require official verification,Direct careers page,Health & Digital Health,Not verified — confirm on the official country page,Africa-wide / not specified
94,Partners In Health,Global health organization,Global Health NGO,Africa-wide,Multiple African countries,Multiple African countries,High,Needs Verification,,2026-07-20,"Health systems, digital health, IT, data and country operations. Directory entry; verify current openings on the official source.",Official careers page,https://www.pih.org/pages/employment,Health & Digital Health,Pan-African,Multiple African countries,Not specified — verify from official reports,Directory entry — current country operations require official verification,Direct careers page,Health & Digital Health,Not verified — confirm on the official country page,Africa-wide / not specified
95,Management Sciences for Health,MSH,Global Health NGO,Africa-wide,Multiple African countries,Multiple African countries,High,Needs Verification,,2026-07-20,"Health systems strengthening, supply chain, data and digital health. Directory entry; verify current openings on the official source.",Official careers page,https://www.msh.org/careers,Health & Digital Health,Pan-African,Multiple African countries,Not specified — verify from official reports,Directory entry — current country operations require official verification,Direct careers page,Health & Digital Health,Not verified — confirm on the official country page,Africa-wide / not specified
96,JSI Research & Training Institute,JSI,Development Implementer,Africa-wide,Multiple African countries,Multiple African countries,High,Needs Verification,,2026-07-20,"Public health, supply chains, information systems, data and programmes. Directory entry; verify current openings on the official source.",Official careers page,https://www.jsi.com/careers/,Health & Digital Health,Pan-African,Multiple African countries,Not specified — verify from official reports,Directory entry — current country operations require official verification,Direct careers page,Health & Digital Health,Not verified — confirm on the official country page,Africa-wide / not specified
97,D-tree International,Digital health organization,Digital Health NGO,Sub-Saharan Africa,Tanzania / Zanzibar,Tanzania / Zanzibar,High,Needs Verification,,2026-07-20,"Digital health platforms, community health systems, product and data roles. Directory entry; verify current openings on the official source.",Official careers page,https://www.d-tree.org/careers,Health & Digital Health,East Africa,Tanzania / Zanzibar,Not specified — verify from official reports,Directory entry — current country operations require official verification,Direct careers page,Health & Digital Health,Not verified — confirm on the official country page,Tanzania / Zanzibar
98,Results for Development,R4D,Development Think Tank,Africa-wide,Multiple African countries,Multiple African countries,High,Needs Verification,,2026-07-20,"Health systems, education, digital innovation, data and policy. Directory entry; verify current openings on the official source.",Official careers page,https://r4d.org/careers/,Health & Digital Health,Pan-African,Multiple African countries,Not specified — verify from official reports,Directory entry — current country operations require official verification,Direct careers page,Health & Digital Health,Not verified — confirm on the official country page,Africa-wide / not specified
99,Palladium,Global impact company,Development Implementer,Africa-wide,Multiple African countries,Multiple African countries,High,Needs Verification,,2026-07-20,"Digital development, health, governance, data and programme delivery. Directory entry; verify current openings on the official source.",Official careers page,https://thepalladiumgroup.com/careers,Health & Digital Health,Pan-African,Multiple African countries,Not specified — verify from official reports,Directory entry — current country operations require official verification,Direct careers page,Health & Digital Health,Not verified — confirm on the official country page,Africa-wide / not specified
100,Abt Global,International development implementer,Development Implementer,Africa-wide,Multiple African countries,Multiple African countries,High,Needs Verification,,2026-07-20,"Health, climate, governance, data, digital solutions and programme operations. Directory entry; verify current openings on the official source.",Official careers page,https://www.abtglobal.com/careers,Health & Digital Health,Pan-African,Multiple African countries,Not specified — verify from official reports,Directory entry — current country operations require official verification,Direct careers page,Health & Digital Health,Not verified — confirm on the official country page,Africa-wide / not specified
101,DAI Global,International development company,Development Implementer,Africa-wide,Multiple African countries,Multiple African countries,High,Needs Verification,,2026-07-20,"Digital government, economic development, data, technology and programmes. Directory entry; verify current openings on the official source.",Official careers page,https://www.dai.com/careers,Technology & Civic Tech,Pan-African,Multiple African countries,Not specified — verify from official reports,Directory entry — current country operations require official verification,Direct careers page,Technology & Civic Tech,Not verified — confirm on the official country page,Africa-wide / not specified
102,Chemonics International,International development company,Development Implementer,Africa-wide,Multiple African countries,Multiple African countries,High,Needs Verification,,2026-07-20,"Health, supply chain, digital transformation, data and programme delivery. Directory entry; verify current openings on the official source.",Official careers page,https://www.chemonics.com/careers/,Health & Digital Health,Pan-African,Multiple African countries,Not specified — verify from official reports,Directory entry — current country operations require official verification,Direct careers page,Health & Digital Health,Not verified — confirm on the official country page,Africa-wide / not specified
103,RTI International,Research and development institute,Development Implementer,Africa-wide,Multiple African countries,Multiple African countries,High,Needs Verification,,2026-07-20,"Research, health, data science, digital systems and development programmes. Directory entry; verify current openings on the official source.",Official careers page,https://www.rti.org/careers,Health & Digital Health,Pan-African,Multiple African countries,Not specified — verify from official reports,Directory entry — current country operations require official verification,Direct careers page,Health & Digital Health,Not verified — confirm on the official country page,Africa-wide / not specified
104,Crown Agents,International development company,Development Implementer,Africa-wide,Multiple African countries,Multiple African countries,High,Needs Verification,,2026-07-20,"Public-sector transformation, health supply chains, digital systems and programmes. Directory entry; verify current openings on the official source.",Official careers page,https://www.crownagents.com/careers/,Health & Digital Health,Pan-African,Multiple African countries,Not specified — verify from official reports,Directory entry — current country operations require official verification,Direct careers page,Health & Digital Health,Not verified — confirm on the official country page,Africa-wide / not specified
105,SNV Netherlands Development Organisation,SNV,Development NGO,Africa-wide,Multiple African countries,Multiple African countries,High,Needs Verification,,2026-07-20,"Agriculture, energy, water, climate, data and programme management. Directory entry; verify current openings on the official source.",Official careers page,https://www.snv.org/careers,Governance & Development,Pan-African,Multiple African countries,Not specified — verify from official reports,Directory entry — current country operations require official verification,Direct careers page,Governance & Development,Not verified — confirm on the official country page,Africa-wide / not specified
106,Deutsche Gesellschaft für Internationale Zusammenarbeit,GIZ,Development Agency,Africa-wide,Multiple African countries,Multiple African countries,High,Needs Verification,,2026-07-20,"Digital development, public-sector transformation, climate and programmes. Directory entry; verify current openings on the official source.",Official careers page,https://www.giz.de/en/career/jobs.html,Technology & Civic Tech,Pan-African,Multiple African countries,Not specified — verify from official reports,Directory entry — current country operations require official verification,Direct careers page,Technology & Civic Tech,Not verified — confirm on the official country page,Africa-wide / not specified
107,Enabel,Belgian development agency,Development Agency,Africa-wide,Multiple African countries,Multiple African countries,High,Needs Verification,,2026-07-20,"Public-sector development, digital transformation, health and education. Directory entry; verify current openings on the official source.",Official careers page,https://www.enabel.be/careers/,Health & Digital Health,Pan-African,Multiple African countries,Not specified — verify from official reports,Directory entry — current country operations require official verification,Direct careers page,Health & Digital Health,Not verified — confirm on the official country page,Africa-wide / not specified
108,Expertise France,French international technical cooperation agency,Development Agency,Africa-wide,Multiple African countries,Multiple African countries,High,Needs Verification,,2026-07-20,"Governance, digital transformation, health, climate and programme delivery. Directory entry; verify current openings on the official source.",Official careers page,https://www.expertisefrance.fr/en/careers,Health & Digital Health,Pan-African,Multiple African countries,Not specified — verify from official reports,Directory entry — current country operations require official verification,Direct careers page,Health & Digital Health,Not verified — confirm on the official country page,Africa-wide / not specified
109,LuxDev,Luxembourg development cooperation agency,Development Agency,Africa-wide,Multiple African countries,Multiple African countries,High,Needs Verification,,2026-07-20,"Development programmes, digital systems, health and institutional support. Directory entry; verify current openings on the official source.",Official careers page,https://luxdev.lu/en/jobs,Health & Digital Health,Pan-African,Multiple African countries,Not specified — verify from official reports,Directory entry — current country operations require official verification,Direct careers page,Health & Digital Health,Not verified — confirm on the official country page,Africa-wide / not specified
110,British Council,Cultural relations and education organization,Development & Education Organization,Africa-wide,Multiple African countries,Multiple African countries,High,Needs Verification,,2026-07-20,"Education, digital learning, programme technology and country operations. Directory entry; verify current openings on the official source.",Official careers page,https://careers.britishcouncil.org/,Technology & Civic Tech,Pan-African,Multiple African countries,Not specified — verify from official reports,Directory entry — current country operations require official verification,Direct careers page,Technology & Civic Tech,Not verified — confirm on the official country page,Africa-wide / not specified
111,International Development Research Centre,IDRC,Development Research Funder,Africa-wide,Multiple African countries,Multiple African countries,High,Needs Verification,,2026-07-20,"Research, digital innovation, AI, data and development policy. Directory entry; verify current openings on the official source.",Official careers page,https://idrc-crdi.ca/en/careers,Research & Policy,Pan-African,Multiple African countries,Not specified — verify from official reports,Directory entry — current country operations require official verification,Direct careers page,Research & Policy,Not verified — confirm on the official country page,Africa-wide / not specified
112,CGIAR,Global agricultural research partnership,Research & Development Network,Africa-wide,Multiple African countries,Multiple African countries,High,Needs Verification,,2026-07-20,"Agricultural research, data platforms, digital agriculture and technology. Directory entry; verify current openings on the official source.",Official careers page,https://www.cgiar.org/careers/,Research & Policy,Pan-African,Multiple African countries,Not specified — verify from official reports,Directory entry — current country operations require official verification,Direct careers page,Research & Policy,Not verified — confirm on the official country page,Africa-wide / not specified
113,International Livestock Research Institute,ILRI,CGIAR Research Centre,East Africa,Kenya / Ethiopia,Kenya / Ethiopia,High,Needs Verification,,2026-07-20,"Research data, digital agriculture, enterprise systems and science operations. Directory entry; verify current openings on the official source.",Official careers page,https://www.ilri.org/jobs,Research & Policy,East Africa,Kenya / Ethiopia,Not specified — verify from official reports,Directory entry — current country operations require official verification,Direct careers page,Research & Policy,Not verified — confirm on the official country page,Kenya / Ethiopia
114,International Food Policy Research Institute,IFPRI,Research Institute,Africa-wide,Multiple African countries,Multiple African countries,High,Needs Verification,,2026-07-20,"Policy research, data, analytics, digital tools and programme operations. Directory entry; verify current openings on the official source.",Official careers page,https://www.ifpri.org/careers,Research & Policy,Pan-African,Multiple African countries,Not specified — verify from official reports,Directory entry — current country operations require official verification,Direct careers page,Research & Policy,Not verified — confirm on the official country page,Africa-wide / not specified
115,International Center for Research in Agroforestry,CIFOR-ICRAF,Research Institute,Africa-wide,Kenya,Kenya,High,Needs Verification,,2026-07-20,"Climate, forestry, research data, digital platforms and programme delivery. Directory entry; verify current openings on the official source.",Official careers page,https://www.cifor-icraf.org/about/work-with-us/,Research & Policy,East Africa,Kenya,Not specified — verify from official reports,Directory entry — current country operations require official verification,Direct careers page,Research & Policy,Not verified — confirm on the official country page,Kenya
116,African Population and Health Research Center,APHRC,African Research Organization,Africa-wide,Kenya,Kenya,High,Needs Verification,,2026-07-20,"Health research, population data, digital systems and policy. Directory entry; verify current openings on the official source.",Official careers page,https://aphrc.org/careers/,Health & Digital Health,East Africa,Kenya,Not specified — verify from official reports,Directory entry — current country operations require official verification,Direct careers page,Health & Digital Health,Not verified — confirm on the official country page,Kenya
117,African Institute for Development Policy,AFIDEP,African Policy Institute,Africa-wide,Kenya / Malawi,Kenya / Malawi,High,Needs Verification,,2026-07-20,"Evidence, data, policy, health and development programmes. Directory entry; verify current openings on the official source.",Official careers page,https://www.afidep.org/careers/,Health & Digital Health,East Africa,Kenya / Malawi,Not specified — verify from official reports,Directory entry — current country operations require official verification,Direct careers page,Health & Digital Health,Not verified — confirm on the official country page,Kenya / Malawi
118,African Centre for the Constructive Resolution of Disputes,ACCORD,African Peacebuilding Organization,Africa-wide,South Africa,South Africa,High,Needs Verification,,2026-07-20,"Peacebuilding, programme management, data and institutional operations. Directory entry; verify current openings on the official source.",Official careers page,https://www.accord.org.za/opportunities/,Governance & Development,Southern Africa,South Africa,Not specified — verify from official reports,Directory entry — current country operations require official verification,Direct careers page,Governance & Development,Not verified — confirm on the official country page,South Africa
119,TrustAfrica,African philanthropy foundation,African Foundation,Africa-wide,Senegal,Senegal,High,Needs Verification,,2026-07-20,"Governance, philanthropy, civil society, data and programme delivery. Directory entry; verify current openings on the official source.",Official organization website,https://trustafrica.org/,Foundations,West Africa,Senegal,Foundation-funded / grant-making,Directory entry — current country operations require official verification,General website / careers not confirmed,Foundations,Not verified — confirm on the official country page,Senegal
120,African Women’s Development Fund,AWDF,African Foundation,Africa-wide,Ghana,Ghana,High,Needs Verification,,2026-07-20,"Women’s rights, grantmaking, digital operations and programme management. Directory entry; verify current openings on the official source.",Official careers page,https://awdf.org/careers/,Foundations,West Africa,Ghana,Foundation-funded / grant-making,Directory entry — current country operations require official verification,Direct careers page,Foundations,Not verified — confirm on the official country page,Ghana
121,Mo Ibrahim Foundation,African governance foundation,African Foundation,Africa-wide,United Kingdom / Africa,United Kingdom / Africa,High,Needs Verification,,2026-07-20,"Governance, data, research, communications and programme roles. Directory entry; verify current openings on the official source.",Official careers page,https://mo.ibrahim.foundation/careers,Research & Policy,Pan-African,United Kingdom / Africa,Foundation-funded / grant-making,Directory entry — current country operations require official verification,Direct careers page,Research & Policy,Not verified — confirm on the official country page,Africa-wide / not specified
122,Tony Elumelu Foundation,African entrepreneurship foundation,African Foundation,Africa-wide,Nigeria,Nigeria,High,Needs Verification,,2026-07-20,"Entrepreneurship platforms, digital programmes, data and operations. Directory entry; verify current openings on the official source.",Official careers page,https://www.tonyelumelufoundation.org/careers,Foundations,West Africa,Nigeria,Foundation-funded / grant-making,Directory entry — current country operations require official verification,Direct careers page,Foundations,Not verified — confirm on the official country page,Nigeria
123,Mastercard Foundation,Global foundation focused on Africa,Foundation,Africa-wide,Multiple African countries,Multiple African countries,High,Needs Verification,,2026-07-20,"Education, youth employment, digital economy, data and programme strategy. Directory entry; verify current openings on the official source.",Official careers page,https://mastercardfdn.org/careers/,Foundations,Pan-African,Multiple African countries,Foundation-funded / grant-making,Directory entry — current country operations require official verification,Direct careers page,Foundations,Not verified — confirm on the official country page,Africa-wide / not specified
124,AGRA,Alliance for a Green Revolution in Africa,African Development Organization,Africa-wide,Kenya,Kenya,High,Needs Verification,,2026-07-20,"Agriculture, digital platforms, market systems, data and programme delivery. Directory entry; verify current openings on the official source.",Official careers page,https://agra.org/careers/,Technology & Civic Tech,East Africa,Kenya,Not specified — verify from official reports,Directory entry — current country operations require official verification,Direct careers page,Technology & Civic Tech,Not verified — confirm on the official country page,Kenya
125,One Acre Fund,African smallholder agriculture organization,African Development Organization,East & Southern Africa,Multiple African countries,Multiple African countries,High,Needs Verification,,2026-07-20,"Digital operations, agriculture, data, supply chain and country leadership. Directory entry; verify current openings on the official source.",Official careers page,https://oneacrefund.org/work-with-us,Technology & Civic Tech,Southern Africa,Multiple African countries,Not specified — verify from official reports,Directory entry — current country operations require official verification,Direct careers page,Technology & Civic Tech,Not verified — confirm on the official country page,Multiple African countries
126,GiveDirectly,Cash transfer nonprofit,Development NGO,Africa-wide,Multiple African countries,Multiple African countries,High,Needs Verification,,2026-07-20,"Digital payments, data, technology, operations and programme management. Directory entry; verify current openings on the official source.",Official careers page,https://www.givedirectly.org/careers/,Technology & Civic Tech,Pan-African,Multiple African countries,Not specified — verify from official reports,Directory entry — current country operations require official verification,Direct careers page,Technology & Civic Tech,Not verified — confirm on the official country page,Africa-wide / not specified
127,TechnoServe,Business solutions to poverty organization,Development NGO,Africa-wide,Multiple African countries,Multiple African countries,High,Needs Verification,,2026-07-20,"Market systems, agriculture, digital tools, data and programme operations. Directory entry; verify current openings on the official source.",Official careers page,https://www.technoserve.org/careers/,Technology & Civic Tech,Pan-African,Multiple African countries,Not specified — verify from official reports,Directory entry — current country operations require official verification,Direct careers page,Technology & Civic Tech,Not verified — confirm on the official country page,Africa-wide / not specified
128,BRAC International,Global South development organization,Development NGO,Africa-wide,Multiple African countries,Multiple African countries,High,Needs Verification,,2026-07-20,"Poverty reduction, microfinance, digital programmes and country operations. Directory entry; verify current openings on the official source.",Official careers page,https://www.bracinternational.org/careers/,Technology & Civic Tech,Pan-African,Multiple African countries,Not specified — verify from official reports,Directory entry — current country operations require official verification,Direct careers page,Technology & Civic Tech,Not verified — confirm on the official country page,Africa-wide / not specified
129,CAMFED,Campaign for Female Education,African Education NGO,Sub-Saharan Africa,Multiple African countries,Multiple African countries,High,Needs Verification,,2026-07-20,"Education, digital platforms, data systems and programme management. Directory entry; verify current openings on the official source.",Official careers page,https://camfed.org/about-us/jobs/,Technology & Civic Tech,Pan-African,Multiple African countries,Not specified — verify from official reports,Directory entry — current country operations require official verification,Direct careers page,Technology & Civic Tech,Not verified — confirm on the official country page,Africa-wide / not specified
130,Forum for African Women Educationalists,FAWE,African Education Network,Africa-wide,Kenya,Kenya,High,Needs Verification,,2026-07-20,"Education, gender equality, digital learning and regional programmes. Directory entry; verify current openings on the official source.",Official organization website,https://fawe.org/,Technology & Civic Tech,East Africa,Kenya,Not specified — verify from official reports,Directory entry — current country operations require official verification,General website / careers not confirmed,Technology & Civic Tech,Not verified — confirm on the official country page,Kenya
131,African Leadership Academy,ALA,African Education Organization,Africa-wide,South Africa,South Africa,High,Needs Verification,,2026-07-20,"Education technology, leadership development, data and operations. Directory entry; verify current openings on the official source.",Official careers page,https://www.africanleadershipacademy.org/careers/,Technology & Civic Tech,Southern Africa,South Africa,Not specified — verify from official reports,Directory entry — current country operations require official verification,Direct careers page,Technology & Civic Tech,Not verified — confirm on the official country page,South Africa
132,African Leadership University,ALU,African Higher Education Organization,Africa-wide,Rwanda / Mauritius,Rwanda / Mauritius,High,Needs Verification,,2026-07-20,"Digital education, technology, operations and leadership development. Directory entry; verify current openings on the official source.",Official careers page,https://www.alueducation.com/careers/,Technology & Civic Tech,East Africa,Rwanda / Mauritius,Not specified — verify from official reports,Directory entry — current country operations require official verification,Direct careers page,Technology & Civic Tech,Not verified — confirm on the official country page,Rwanda / Mauritius
133,Tostan,West African development organization,African Development NGO,West Africa,Senegal,Senegal,High,Needs Verification,,2026-07-20,"Community development, digital learning, monitoring data and programmes. Directory entry; verify current openings on the official source.",Official careers page,https://www.tostan.org/careers/,Technology & Civic Tech,West Africa,Senegal,Not specified — verify from official reports,Directory entry — current country operations require official verification,Direct careers page,Technology & Civic Tech,Not verified — confirm on the official country page,Senegal
134,Africa Check,Independent fact-checking organization,African Media & Civil Society,Africa-wide,South Africa,South Africa,High,Needs Verification,,2026-07-20,"Data, media technology, research, product and digital operations. Directory entry; verify current openings on the official source.",Official careers page,https://africacheck.org/careers,Research & Policy,Southern Africa,South Africa,Not specified — verify from official reports,Directory entry — current country operations require official verification,Direct careers page,Research & Policy,Not verified — confirm on the official country page,South Africa
135,Code for Africa,Civic technology network,African Civic Technology Organization,Africa-wide,Kenya,Kenya,High,Needs Verification,,2026-07-20,"Civic technology, data, digital products, AI and programme management. Directory entry; verify current openings on the official source.",Official careers page,https://codeforafrica.org/jobs/,Technology & Civic Tech,East Africa,Kenya,Not specified — verify from official reports,Directory entry — current country operations require official verification,Direct careers page,Technology & Civic Tech,Not verified — confirm on the official country page,Kenya
136,Paradigm Initiative,Digital rights organization,African Civic Technology Organization,Africa-wide,Nigeria,Nigeria,High,Needs Verification,,2026-07-20,"Digital inclusion, policy, technology, data and regional programmes. Directory entry; verify current openings on the official source.",Official careers page,https://paradigmhq.org/careers/,Research & Policy,West Africa,Nigeria,Not specified — verify from official reports,Directory entry — current country operations require official verification,Direct careers page,Research & Policy,Not verified — confirm on the official country page,Nigeria
137,African Centre for Economic Transformation,ACET,African Policy Institute,Africa-wide,Ghana,Ghana,High,Needs Verification,,2026-07-20,"Economic policy, digital transformation, data and programme delivery. Directory entry; verify current openings on the official source.",Official careers page,https://acetforafrica.org/careers/,Research & Policy,West Africa,Ghana,Not specified — verify from official reports,Directory entry — current country operations require official verification,Direct careers page,Research & Policy,Not verified — confirm on the official country page,Ghana
138,African Wildlife Foundation,AWF,Conservation NGO,Africa-wide,Kenya,Kenya,High,Needs Verification,,2026-07-20,"Conservation technology, GIS, data, digital systems and operations. Directory entry; verify current openings on the official source.",Official careers page,https://www.awf.org/about/careers,Technology & Civic Tech,East Africa,Kenya,Foundation-funded / grant-making,Directory entry — current country operations require official verification,Direct careers page,Technology & Civic Tech,Not verified — confirm on the official country page,Kenya
139,African Parks,Conservation organization,Conservation NGO,Africa-wide,South Africa,South Africa,High,Needs Verification,,2026-07-20,"Conservation operations, GIS, technology, data and park management. Directory entry; verify current openings on the official source.",Official careers page,https://www.africanparks.org/about-us/careers,Technology & Civic Tech,Southern Africa,South Africa,Not specified — verify from official reports,Directory entry — current country operations require official verification,Direct careers page,Technology & Civic Tech,Not verified — confirm on the official country page,South Africa
140,Wildlife Conservation Society Africa,WCS,Conservation NGO,Africa-wide,Multiple African countries,Multiple African countries,High,Needs Verification,,2026-07-20,"Conservation science, GIS, technology, data and country operations. Directory entry; verify current openings on the official source.",Official careers page,https://www.wcs.org/about-us/careers,Technology & Civic Tech,Pan-African,Multiple African countries,Not specified — verify from official reports,Directory entry — current country operations require official verification,Direct careers page,Technology & Civic Tech,Not verified — confirm on the official country page,Africa-wide / not specified
141,BirdLife International Africa,Conservation partnership,Conservation NGO,Africa-wide,Kenya,Kenya,High,Needs Verification,,2026-07-20,"Conservation data, GIS, digital systems and regional programmes. Directory entry; verify current openings on the official source.",Official careers page,https://www.birdlife.org/careers/,Technology & Civic Tech,East Africa,Kenya,Not specified — verify from official reports,Directory entry — current country operations require official verification,Direct careers page,Technology & Civic Tech,Not verified — confirm on the official country page,Kenya
142,International Union for Conservation of Nature,IUCN Africa,Conservation Network,Africa-wide,Multiple African countries,Multiple African countries,High,Needs Verification,,2026-07-20,"Conservation, climate, data, programme systems and regional operations. Directory entry; verify current openings on the official source.",Official organization website,https://www.iucn.org/about-iucn/work-us,Governance & Development,Pan-African,Multiple African countries,Not specified — verify from official reports,Directory entry — current country operations require official verification,General website / careers not confirmed,Governance & Development,Not verified — confirm on the official country page,Africa-wide / not specified
143,Akili Dada,African girls’ leadership organization,African Civil Society NGO,East Africa,Kenya,Kenya,High,Needs Verification,,2026-07-20,"Leadership, education, digital engagement and programme management. Directory entry; verify current openings on the official source.",Official organization website,https://akilidada.org/,Technology & Civic Tech,East Africa,Kenya,Not specified — verify from official reports,Directory entry — current country operations require official verification,General website / careers not confirmed,Technology & Civic Tech,Not verified — confirm on the official country page,Kenya
144,LEAP Africa,Youth leadership development organization,African Development NGO,West Africa,Nigeria,Nigeria,High,Needs Verification,,2026-07-20,"Youth leadership, digital learning, data and programme operations. Directory entry; verify current openings on the official source.",Official careers page,https://leapafrica.org/careers/,Technology & Civic Tech,West Africa,Nigeria,Not specified — verify from official reports,Directory entry — current country operations require official verification,Direct careers page,Technology & Civic Tech,Not verified — confirm on the official country page,Nigeria
145,BudgIT,Civic technology organization,African Civic Technology Organization,West Africa,Nigeria,Nigeria,High,Needs Verification,,2026-07-20,"Public finance data, civic technology, digital products and governance. Directory entry; verify current openings on the official source.",Official careers page,https://budgit.org/careers/,Technology & Civic Tech,West Africa,Nigeria,Not specified — verify from official reports,Directory entry — current country operations require official verification,Direct careers page,Technology & Civic Tech,Not verified — confirm on the official country page,Nigeria
146,Co-Creation Hub,CcHUB,African Technology & Innovation Organization,Africa-wide,Nigeria / Kenya / Rwanda,Nigeria / Kenya / Rwanda,High,Needs Verification,,2026-07-20,"Technology innovation, digital products, research and ecosystem programmes. Directory entry; verify current openings on the official source.",Official careers page,https://cchub.africa/careers/,Research & Policy,East Africa,Nigeria / Kenya / Rwanda,Not specified — verify from official reports,Directory entry — current country operations require official verification,Direct careers page,Research & Policy,Not verified — confirm on the official country page,Nigeria / Kenya / Rwanda
147,iHub,African innovation hub,African Technology & Innovation Organization,East Africa,Kenya,Kenya,High,Needs Verification,,2026-07-20,"Technology ecosystem, innovation, research, digital products and programmes. Directory entry; verify current openings on the official source.",Official organization website,https://ihub.co.ke/,Research & Policy,East Africa,Kenya,Not specified — verify from official reports,Directory entry — current country operations require official verification,General website / careers not confirmed,Research & Policy,Not verified — confirm on the official country page,Kenya
148,Africa’s Talking,Pan-African technology company,African Technology Organization,Africa-wide,Kenya,Kenya,High,Needs Verification,,2026-07-20,"Communications platforms, developer technology, cloud services and operations. Directory entry; verify current openings on the official source.",Official careers page,https://africastalking.com/careers,Technology & Civic Tech,East Africa,Kenya,Not specified — verify from official reports,Directory entry — current country operations require official verification,Direct careers page,Technology & Civic Tech,Not verified — confirm on the official country page,Kenya
