path	size_bytes	sha256
.gitignore	55	50d127558154acee8ee85cbf9332b974bf80ba5fb403a5a2e6adb567b8c17398
404.html	1186	6bfd037860afac00e3f0ea1abebf4b7a53db00ba804258f916365d0dc8d971a6
ATS_INTELLIGENCE_EDITION_NOTES.md	3606	a35ba6c1a05b1c7fb541654cb7aefae601e2a0f5277243f5b15fdb34290d6bcc
OPPORTUNITY_INTELLIGENCE_EDITION_NOTES.md	683	698ea1c62d2786f20edc8fe27e29eafc92657c379bedf161c15fe6a71385f25d
PROJECT_TEST_REPORT_ATS_INTELLIGENCE.md	3641	1293c6fe3d0b71c3321567fd4a90768b0b4233c2b26599dde6a5eb58e55cc7d2
PROJECT_TEST_REPORT_OPPORTUNITY_INTELLIGENCE.md	2368	7ac3e85d2e0cf883a09bab6bfb44e3addc473a709c6eab2ff201244edb067121
README.md	1520	c77c60789da4d166b580f42feb6004593558d4ea8addfb3e8e9c2bbcab492bf8
README_FIRST.txt	364	68681492a3c2f654393b0dddfa25651bfa25153297b678f0a5b6634a13c9ad25
SOURCE_REFERENCES.md	3034	bf19d70b7a7e7cb3ecf8ae1a92885032b85fd95b1855cf434815ea27d208fed8
admin.html	1166	1ff4742cf52782855515ced3fe5ad2ab837bb41e53527d0c9031610419a9e209
africa-map.html	1205	a9a8be6078b1acfe95c88f2e655c6c24a9551b7f27fdaef7e9dd55efdc637fbe
africa-ngos.csv	96649	617946de0bb105ac7bcacae1a578acf2b50a503e4bf7a8580e430d83bbc441f6
africa-ngos.html	1232	c930e297f0f9b4bde9df62f52ba82e4ac930d24708a703c561cbb92b48d5e740
all-platform-searches.csv	8125649	94be76620e33c3edf39ee8acd6eab837b19fffd29b87008f2b82103db0c182ec
analytics.html	1194	2ecc0b264a86d393987539e624a6c12e7ac5db73716187098e8a03ff7a7e0c44
api/ats-jobs.js	4743	735162f259857c47b9821e0156f589d5e4388ff45c4b497c147333594dce661a
api/check-link.js	3772	81708546dd0f535c7c8500eef222a39c6b7187967febc6dba6ff31c4e86ea388
api/detect-ats.js	3314	e15e07dc95d621e34a4781449f730c342390de32178190a5aee067cb40d07576
api/fetch-feed.js	2974	dff99bc1c8449ee7f998940609ec9352b44cd37ce2014b39b807748752744c38
api/snapshot.js	3045	9fdd31db276f0c874cbb2abfe84d1400af9c482739ee4088fedd8b5cdc326be1
archive.html	1182	19beef247d29a21a5f9507d5427d88ba6aff983ebf6949750e9e1f1b0e205b4f
assets/app.css	68702	946db3bc90bcc7920120c0c6c0917a5e8e55fde21290b2af1d4a28db3890ac2e
assets/archive.js	3593	70dcda1d62617f85a1c35b2e919975cf36f919a904d1235a962978c744fe6cac
assets/ats.js	14001	2eab0a3c7c62ad918e7842d40f65e1123ba4eace42c01a2f4b85e47988b7c748
assets/calendar.js	5518	1b4ff934d64088443b1cd6e2f8af682dddaf88c236118f1592c5900604c7ebc3
assets/capture.js	5220	d18ae0867386485e303cc39e9e633041e029486104a8e4e202557b12d30fecaf
assets/config.js	10482	fab7cc233ae37e3c5657483568e190b5ebe28538853a4388ecae2b4e21c83a3f
assets/data.js	17439	fc268d14c1d8a1d6867fbf2d84c6937bcd4035002ea1c7684fa1b8ec50e73353
assets/eligibility.js	3596	5f248c5d7b323a2807d7d3aa046815bd56d50cf047836dce51eed00d96afa104
assets/filter-client.js	1290	7c3d26ea67b8c51fa7f8947455596158574ce7c254886e7717912ed54b74e1d6
assets/filter-worker.js	1038	b66429c865d5703fee6f2ab349ccfa66e162aa435c82d409c89e662c3bece596
assets/i18n.js	7101	2afa38da04a6b10721ffb1e05aa804b5ce898ce152597ab3046453eac55a6b8b
assets/localdb.js	3396	ec4d710232a98c6d3dda37abfc67cc3ce63f9591fe7cbdef6156230da6bd9b0c
assets/opportunity-core.js	13166	53cb0a335eb41a60663193dbb7c08a5763e6c3d8d7df2255eb5f9886648deab7
assets/opportunity-pages.js	25433	7524769dc7e5d14e016762808ca014a0259f2e7b7e7dc41bab86da337ea0e1e5
assets/pages.js	92524	c25429f97f0b97682ffbaa86632ed3e04d6ada827d4b7a5b2708d7c2183333af
assets/productivity.js	20760	b9ff1c0c050ab9b4ecbad8ae10b6386bcdd0a69eaa579c398c19e74ed0f70662
assets/renderer.js	26988	e99339f48c49c1227636697f59fd29e8741966f595a5b530b670ef6d1956a9da
assets/scoring.js	896	6fa9dc0fba61c948ea217e65cd4faf8f5f73545df09b4d275f9be05bf7d1bf3f
assets/security.js	982	ff6db960842e92d310fb445ac4ff177b997112af36787611e011959f39704266
assets/shell.js	8029	d9b7f2b083e4425946b9b27c15a7d23e1a49cddc646917de5a0adab7be15a450
assets/source-intelligence.js	17981	86fe1c9fc82b570be98801b3dd676044964f31a1086897599959199ad3cbb4fe
assets/tracker.js	13735	1115b06be3344e22a302feeb8fee6739195f8e1212028a49dfaeab0924584b58
assets/vault.js	4574	5fb914b5b057f8aca1a818123b1cd114fb9f6014cad40604b76ff12a1ff21540
assets/version-history.js	4550	952efd90ea0657b443d8d722cb7da9269f873eb7000574c6b16673252364b3fa
assets/weekly.js	5925	0065c3f808600a5fd20cd35ee5885662845ddb6e280c85589b7efed117303365
ats-connectors.html	969	d38c779a58f9183b85971f7d95e0ab34d2337d464753cdfff4fa092609583bb9
calendar.html	852	739c40a522bb1f2d6faca039238f36506434237544aea590becd8bf06b8142e2
consulting.html	1192	ba1b9ef18dcec1032e87460aceb5181fa3cc468549f67d84a97557358598f7be
contacts.html	1192	e312454ec3e4f026ea7e22ed51658ecb2d483caf4f1accf7caa748ca83960763
dashboard.html	1191	21da2f9e925ff94332ad00ad6a230e379244588a0f5ded83f4b50a2e3e06e5e2
data/application-templates.json	6317	52c16dff83b39a2eaf7b2558d46ef8197cfefb9ea1a1a05758f13dadf65f9754
data/methodology.json	7169	62ce33b35fdcfb3bbdffb14d765b916b3b36bc2d0ace64668811bd60027a6e8e
data/offline/africa-ngos.csv	56945	a7960cdfa53ced77f7998b0066762ddf5143eb3549a395a421a2e1547f8c7801
data/offline/all-platform-searches.csv	8125649	5dff7c8f715dba048575c5d0b1b521982a1c49b773b75b30e60ec656e2ef2a56
data/offline/egypt-vacancies.csv	69696	01b377a3c7bb48e42736373e605d58536e72336ed91266674a6fa0a0437d7247
data/offline/gcc-vacancies.csv	207702	d0003193d20645a03758275edc3819765f8d26a52c097a1b972f4a95957db956
data/offline/government-jobs.csv	119790	3cf991ecdf7bca8cf380fa0d9e2ee24b21d59b7b5075788e93bd4efc1be36474
data/offline/job-search-platforms.csv	35183	679a2ea46bcc508a00ab5dd1c699e8f56c53eda71c5084ff5f6288fd0832f39b
data/offline/medical-companies.csv	254835	dd58cfbb416c570cb21546cfdec6b4ae91afab4b5a5139f411bbb6b7b91358b2
data/offline/organizations.csv	279110	f6cc72333f278dfd04a682c963431ee31ee6f0ff1426b88912bdd5cef85be61f
data/offline/private-company-directory.csv	318549	8dde7686e14f2ae9be7c301ede46092f59aee5d03186de6c14614fa72aa66c7a
data/offline/project-opportunities.csv	154441	958e289be28631812bd895815d81e54b98fc8bb0ca065665d988b68e51d2bdac
data/offline/recruitment-agencies.csv	266025	173cec27e974936250d155d1811385cba513104916a4af7fccffd984a9461409
data/offline/regional-private-companies.csv	593226	16710d5d8ac8b8e8dd1c978cb0c306e86617167e75b18c7c93f478332041bbaa
data/offline/remote-jobs.csv	184670	935ee4123d2c130c5b8d3f28af4308d51fa0f634a4848e5afebb0aab040c5c3d
data/profile-coverage.json	2498	1e14efde27cecbb8c1c520f565d225972806d8d3f42d092dba6b50fed25b19b2
data/project-index.json	741	6370ea94ddbc73265f3caf97ec5974d77f8ef7baf2a870acd1129d2ddf8f55f4
data/seed.json	201401	dc65764c54a2cddf92d6fb75df911d4d4ef7d34711bf2e9d0ca2aaafa6f11dc1
data/source-directory.csv	59311	25eb79f7f55166282faf9f9b34f7807854f13f44ee6872a6e8059f09da2c155b
data/source-packs.json	6243	34132bd9623f2c86ffabe56bf301c83e93e0beee2438e97cbf93af68d8bed831
documents.html	1211	5f3ad9431d3983f1df411a70cb2c6456ce4cb3c4d7e2507ed130eac20b8ae868
egypt-vacancies.html	1208	92dbaa4028db3df674c180a806430309be9e8276828029f1dcbb1e8a4aa5b588
email-importer.html	1181	8fcaff5cdc9bf9b190562045ff95272e2f47cc2ed17539a129e3f05bc42ad823
explore.html	1267	b371f1b5cf0cd198efa5eb56191fc31c32050600e24d1e674d0d3ccd0bad92db
gcc-vacancies.html	1202	ad1818cb2d42c13790b7f716342b23cbf02b6f23fcc3c283fe87df4233cba952
government-jobs.html	1233	d379d7567fa90d422ef76af1e932a15f20d9e32c4134fd28af3282cb53d6835f
icons/icon-192.svg	684	362d27deec2a48f2fe0dfea5796850674dc8f879d428d587784232512101f843
icons/icon-512.svg	684	362d27deec2a48f2fe0dfea5796850674dc8f879d428d587784232512101f843
icons/logo.svg	684	362d27deec2a48f2fe0dfea5796850674dc8f879d428d587784232512101f843
index.html	1226	0271ee812ce48dfa7c278061a102537c7967c8a2a97f695afef27cc852de7d2e
job-search-platforms.csv	59311	25eb79f7f55166282faf9f9b34f7807854f13f44ee6872a6e8059f09da2c155b
job-search-platforms.html	1222	24d0a964f735be2facf56dfdab42ba5d9bc95f9b8ba2581ff2e3c30c9cffa43b
legacy/README.md	241	7124f18478d97e0900ec752d69f47102edeeb1b29b406015d46ddb7e6ffbd890
legacy/docs/LOCAL_PRODUCTIVITY_EDITION_NOTES.md	2616	5d9c8da890b9af15d29176a450aec131ad7a924050ac73c2ba81ebedd88b0283
legacy/docs/MIGRATION_NOTES.md	517	7054444fa94c149b49e5bf686fd613964a801d211574fe8f6f218a271f76ff69
legacy/docs/PROJECT_TEST_REPORT_LOCAL_PRODUCTIVITY.md	2402	a89e60e7fb05695dacad6dcf0887d8837922fb5ea39540697e9b1e0d4471c4c3
legacy/docs/PROJECT_TEST_REPORT_REVIEW_WORKFLOW.md	1401	c9efe844ec7bc43593d43d67c299776e266a9b1f2c939845414ecbf33b590a1c
legacy/docs/PROJECT_TEST_REPORT_SOURCE_INTELLIGENCE_v7.md	2266	0e81983eb329dfc1ff46421fc3c7f042d0e2519dcf71c132cd5a67647773c26c
legacy/docs/PROJECT_TEST_REPORT_STATUS_UPDATE.md	1191	c8daefeae6ce408df5aa74683dba54876dd3a70c07dff9368cd044499d7b13f2
legacy/docs/PROJECT_TEST_REPORT_UIUX.md	2177	66e1760f693d5881d109ab6f223a13ba73b2a454f88a3f6f4640dc17a2051b5e
legacy/docs/REVIEW_WORKFLOW_EDITION_NOTES.md	1202	b7f5e63a3f036d632c8324368bdedee8a8a3f83f9b12e52a3f18f38a7064134e
legacy/docs/SOURCE_INTELLIGENCE_EDITION_NOTES_v7.md	1914	5402ecfb423ba02e08db740bc521ffb77162df48ab7579b23409821a8092c0c9
legacy/docs/STATUS_UPDATE_NOTES.md	573	60fb0275cf0b058c1d35cb2999681777c1e1af376449bec19b1534c71b260aa7
legacy/docs/UIUX_EDITION_NOTES.md	1273	444777cdd09b6c231e9c86d27d230df2e4c04cf6bedd9f09481d05ad36cf2d15
legacy/regional-hub-original-upload.html	9606	46b099588e32815a5e8e04d1acba19447432d5abcb05518442fc1534d6243301
link-checker.html	1181	7352472c76ec700d0ebe7499c4ec3c25c62d6a88b5e4961a8fa47ad49c8d4363
mahmoud-salama-logo-optimized.png	22761	aeed81e2e602f518bb4b4b9bd52166ffeea671078df1d742ddb6e6e430eb588e
manifest.webmanifest	1826	db011403f2492e996eb9094784f7bfc08700e4e913b1d6de9db0ff61ce972e45
medical-companies.html	1248	89a0e5ef51b93c41f0a1b95899ad98d43cf1183b056727a776613a27685509e3
methodology.html	1193	daf086b9b541fafbdbb900f4a4621b62701ebfefb02d716a8763f70f107cca93
opportunities.html	1216	92210a6a4ed05d562d3b583b1ecf7967cdd8e20e966110e61deadd5bcd9007c8
organizations.html	1220	2db4183163ca5d530c8a4ade733e174fe7d413190ea37b20b137df9d253f2390
package.json	520	346fb8a200744bfb02b1887c34040a0084de4b56617fd5cfa83bb8eea4c206a2
platform-search-africa.csv	3081095	d23fc2e1b46e4ca86d0b0240bc072578631474240026ec43f5daa375810dff81
platform-search-africa.html	1217	ad3387863256bad8e1c73d31c34978c9ee88517f469c26cb1bbedc975026795c
platform-search-arab.csv	2024111	8f9fb304db4ac945a233601c1afbc2b20186fb40644cdfcf0215f3c55950715b
platform-search-arab.html	1232	16fb6730031cd232df1e059140ae858c7c2fe1e9871766d92cce7807eaa55dab
platform-search-egypt.csv	199419	224c292b0a9cf95add8750a93897df06638163c7a7f2db779c048642b1f22d60
platform-search-egypt.html	1214	c008fcd6aa3bd2d7ca9ce3dd65cf920ff8f915bcdfc16bfd6efc7d088201ab75
platform-search-gcc.csv	1666169	bf432d8c3abfb639d2e09b4047acedcb1556f1f35c1405eb15375b8c902b3810
platform-search-gcc.html	1208	902e8815b0872c9b622bd57949698186898784baded79e6fbc3af30710b80319
platform-search-hub.html	1212	bd51f7e012341ded0c42a47263886d3e8510723d62a1420da8c96e37e8c0592e
platform-search-remote.csv	1180725	6f6aa5ec5dac3cf3f863dd5c4b5b788f583fc931c340f3e5f8d628516a697026
platform-search-remote.html	1217	ebec97be3e0ae9decc8689fa9207468574d1930e198001a95d6b4f90702193ea
private-company-directory.html	1232	3d34eca55291940486b53d06feeb328d85993f5302848995a5a313b4786c7199
profile-coverage.html	1178	adc6766ee71ccac0c4f055e3665929c8e84282846613bf22f979691fc5401697
project-opportunities.html	1223	2bd8e976e6bb85a11ff3e94ff3c7781f6de669c790597ecd84e7b99735083121
quality.html	1200	22b38ade6a8e248eaccc718adc625521d84cb21d3d409831849aad28015cc152
recruitment-agencies.html	1248	e2e89ae1e223c81af293c3d801681259472b37b2341281e5a2ebcbffa82b7861
regional-employment.html	1210	97b1634c99a7ae062ad30bd8ed48ed8ef7cb0dd3a6e41964718f89f3a0e26488
regional-private-companies.html	1209	9aaaade37e6e7a68f03d4f15fea0070ebc44f45776ad2e3a07fbf5752813d8e6
remote-jobs.html	1201	13ed977117d7bebe3fcbf8506735dbf4013e274fb853b67154e064748f011963
requirements.html	1202	3769ca5f8f0618e93b01b1f6e525796a35ce5eaf44d445337ffcfce069d67fc6
review-queue.html	1186	815c6838f8db4f62bb6ebef3d4eac3ddffe4dc0fb3787de37d73488b2855f420
robots.txt	92	77774c8f39c7d5b82e3d607ff85f19ec58ec5dab2a7e0ad8a6f1fa3eebfda1c1
rosters.html	1185	0474ba05a87fd473c2a97631776861e9f127b31972c4d10fc29730c17dcbe37e
rules.html	1167	9a41e84b07852815af3172a86d4766cddc860ebf5562d37d6b35144fb6f40c8c
save-from-web.html	954	d5c9499f887c3a529f399c10e475d9b42a04939f8c706e2a6e94e3f08fcbd338
scripts/build-offline-data.mjs	2284	fb0f4e2192880856e4c4b609f4f56ef4f4fd27541b68819a9c7013059a332e6c
scripts/sync-legacy-data.mjs	1314	92f6a23cf5b3b065f537d96acf4280c7c05e8cd187497282ac09638940722045
scripts/test-features.mjs	6291	67d1c0aaccd8297cbb37a44091d9fc65b09de92007b171858701d13f0997c5ab
scripts/validate-project.mjs	9050	c8b6b79c6ee69a19409d0d63c8aaca2bfb220407afc127ccd1c607f829739250
settings.html	1185	3be2e1a2dc3951061c32b609a1a0d52c09f90c662deb2c38a1d966a7945069c6
sitemap.xml	5399	adf3217da1d66658c8a93cd433b0a9e32b9254a8fd0412d500a2574e76f2c318
sources.html	1199	94d96f8bf44d923d16dc515cc4dbbe48bbea373c551a25d2141711263ee36987
start-local.bat	172	cc2c5f5f34544d15ba2444c65296d16c7473fe7b63574e45a968809e91f80b61
start-local.sh	116	2064ac8531ca17b8dd1d360e07ab42e063baaa850b5b58ea54902341bbda372c
sw.js	2529	c1672660275eb334e7e22173a9078df34adcb3972080257be5f38dfcd7c2b79f
templates.html	1192	b8a21f687624df553eecf84f0d4cb3938f4da20fd0d3506814416438e277c4e0
today.html	1166	3a599c81730460ab07f0cc0ac613f212af22da783c5b60eb6030158488f33a94
tracker.html	1195	258032543cd8d7c4e8a68509a334d119567d8a594ffd205f639655f170df32b3
vault.html	1193	45adbe2463331070b1dc443869412430488ecd693c7618f11bb0b4fe7ca45e6e
vercel.json	1678	91e0122627711a0a99415f26a16dce9381709d4a50603b46ce6dc46cc08ae813
version-history.html	856	a22712530dce334a10da53c320ba88b5a1745a6a0aa8e1407a97da203f335fc8
version.json	469	2faec2c3b97c41a9f895885559d28f5ae5ae96b48947d205a8007d2ea41931ff
volunteer-secondments.html	1191	cd17f3771541c75cb271645c1642e65a9188496da31d80e1c6df650b85afd815
weekly-review.html	848	6a666a86edd026cea4269e94f07ea3baf2ed8af19fe3e5ab21ede3ebe7de0a50
